appTitle,userName,date,score,text,datetime,category,id,contentRating,processed_text,len,class1_ty,class2_ycx,class3_jc,final
"Hulu: Stream TV, Movies & more",Phillix Esquea,5-Feb-19,4,"Having no issues here, only the rare/occasional crash. Docked a star for a decent buffer and a lack of downloading videos, which they said would be releasing. Had to pay for no ads tho, worth it.",2019/3/13,ENTERTAINMENT,1422515,Teen,Having no issues here only the rareoccasional crash Docked a star for a decent buffer and a lack of downloading videos which they said would be releasing Had to pay for no ads tho worth it,188,1,2,1,1
ABCmouse.com,nighmare games,22-Nov-18,5,so i babysit a little girl and let her use my phone and play it and she LOVED IT best app ever!,2019/3/8,EDUCATION,39266,Everyone,so i babysit a little girl and let her use my phone and play it and she LOVED IT best app ever,94,4,3,4,4
"iHeartRadio - Free Music, Radio & Podcasts",Jimmie Lenormand,22-Apr-19,5,its good so addicive__ it has all my favorite songs,2019/5/9,MUSIC_AND_AUDIO,1384431,Teen,its good so addicive it has all my favorite songs,49,4,4,4,4
Cash App,A Google User,30-Mar-19,1,I am lost,2019/4/1,FINANCE,433187,Everyone,I am lost,9,3,4,3,3
Spotify - Music and Podcasts,Bea Martel,8-May-19,5,easy to use.....like all music,2019/5/9,MUSIC_AND_AUDIO,1379356,Teen,easy to uselike all music,25,4,4,3,4
Kahoot!,,28-Sep-18,5,I love kahoot i do it in school to it da best math game,2019/3/8,EDUCATION,40956,Everyone,I love kahoot i do it in school to it da best math game,55,4,3,4,4
"iHeartRadio - Free Music, Radio & Podcasts",Al Shobbrook,18-Apr-19,5,"Easy to use, great selections",2019/4/21,MUSIC_AND_AUDIO,1271520,Teen,Easy to use great selections,28,3,4,4,4
Spotify - Music and Podcasts,A Google User,1-Apr-19,5,love it just wish i could choise the tracks i want on my mobile phone like i do on my ps4,2019/4/1,MUSIC_AND_AUDIO,1168429,Teen,love it just wish i could choise the tracks i want on my mobile phone like i do on my ps4,89,2,2,2,2
CVS/pharmacy,,17-Feb-19,1,this is ridiculous keep forcing me to update and I have no more memory,2019/3/16,HEALTH_AND_FITNESS,2365896,Everyone,this is ridiculous keep forcing me to update and I have no more memory,70,4,2,2,2
Netflix,raye c. williams,10-Apr-19,5,great app to have for traveling,2019/4/14,ENTERTAINMENT,1583462,Teen,great app to have for traveling,31,4,4,4,4
Ms.Sibyl - See Future Me,Anjna Dhiman,13-Apr-19,1,not so nice .....they want __ money,2019/4/14,LIFESTYLE,2248421,Everyone,not so nice they want  money,28,4,4,3,4
,erin johnson,10-Mar-19,4,PLS RESPOND: i would give it five stars but it takes two hours to download if u could fix that i would be soooo happy,2019/5/1,FAMILY,2018369,,PLS RESPOND i would give it five stars but it takes two hours to download if u could fix that i would be soo happy,114,1,1,1,1
Amazon Prime Video,jusjac505,28-Apr-19,5,A lot of choices for movies and shows to watch daily.,2019/5/9,ENTERTAINMENT,1708804,Teen,A lot of choices for movies and shows to watch daily,52,3,4,3,3
Fantastic Face _ Daily face & Beauty Competition,Crazy Friends,12-Feb-19,1,won't give me any results at all!!!,2019/4/7,LIFESTYLE,2210776,,wont give me any results at all,31,4,1,1,1
SoundCloud - Music & Audio,Bobby Rentas,26-Apr-19,5,I love it its better than pandora honestly,2019/5/9,MUSIC_AND_AUDIO,1372135,Teen,I love it its better than pandora honestly,42,4,4,4,4
,Allison Pinkerton,17-Apr-19,5,credit karma has really helped me stay on top of scoring good credit! Thank you!,2019/5/1,FINANCE,614700,,credit karma has really helped me stay on top of scoring good credit Thank you,78,3,3,3,3
,Tamara Ayala,9-Mar-19,5,the best ever,2019/5/1,FINANCE,627312,,the best ever,13,4,4,4,4
Lose It! - Calorie Counter,Ash Violet,5-Jan-19,5,"This is a great excersise app! I love to use it daily and you know, lose it. The weight.",2019/4/14,HEALTH_AND_FITNESS,2561527,Everyone,This is a great excersise app I love to use it daily and you know lose it The weight,84,4,3,4,4
Amazon Music,Tony Casey,4-May-19,5,absolutely brilliant this app thank you amazon,2019/5/9,MUSIC_AND_AUDIO,1389709,Teen,absolutely brilliant this app thank you amazon,46,4,4,4,4
Duolingo: Learn Languages Free,tracy Richardson,27-Mar-19,1,"Very disappointed, got this app liked it at first, but then had to create a profile and couldn't progress until i did and had to be online all the time, Uninstalling. __",2019/4/1,FAMILY,1845103,Everyone,Very disappointed got this app liked it at first but then had to create a profile and couldnt progress until i did and had to be online all the time Uninstalling ,162,4,1,3,4
Tinder,Mercedes Gosnell,20-Apr-19,2,"It's just barely okay. Very limited features. No search or filters, really. I even paid for Gold, and honestly, the only useful thing has been the Oops/Go back function. One boost a month is cheap and useless, and the Top Picks don't seem to adjust based on my actions or preferences. The character limit for profiles is strict, but I also wish people were required to put SOMETHING in there. I've also run out of people like 8 times now, and I've had to repeatedly reject the same profiles.",2019/4/21,LIFESTYLE,2283473,Mature 17+,Its just barely okay Very limited features No search or filters really I even paid for Gold and honestly the only useful thing has been the OopsGo back function One boost a month is cheap and useless and the Top Picks dont seem to adjust based on my actions or preferences The character limit for profiles is strict but I also wish people were required to put SOMETHING in there Ive also run out of people like 8 times now and Ive had to repeatedly reject the same profiles,473,2,2,2,2
Netflix,Chad Martin,7-May-19,5,bsst shows out of all the apps or movie aplications for android or iphone..,2019/5/9,ENTERTAINMENT,1719886,Teen,bsst shows out of all the apps or movie aplications for android or iphone,73,3,4,4,4
Duolingo: Learn Languages Free,,23-Mar-19,5,useful for us,2019/3/24,EDUCATION,46946,Everyone,useful for us,13,3,4,3,3
Amazon Alexa,Cindy Gauthier,7-May-19,1,never loaded never worked,2019/5/9,MUSIC_AND_AUDIO,1370015,Everyone,never loaded never worked,25,1,1,1,1
,Mikayla Hall,21-Feb-19,1,Does not work!,2019/5/1,FINANCE,619964,,Does not work,13,1,1,1,1
Tubi - Free Movies & TV Shows,Chanell and Chantae the jones sister,30-Apr-19,4,I enjoy watching about 3 4 hrs a day,2019/5/9,ENTERTAINMENT,1739525,Teen,I enjoy watching about 3 4 hrs a day,36,3,4,3,3
Google Home,Lezette Morgan,25-Jan-19,1,Had it for awhile now and almost never find the devices in the room,2019/3/13,LIFESTYLE,2072977,Everyone,Had it for awhile now and almost never find the devices in the room,67,3,1,1,1
Amazon Prime Video,Robin England,19-Apr-19,1,"Only lets me watch ads. Crashes immediately after playing ad, won't play paid content.",2019/4/21,ENTERTAINMENT,1657365,Teen,Only lets me watch ads Crashes immediately after playing ad wont play paid content,82,1,1,1,1
,Alexis Navarro,23-Apr-19,5,I like Amazon,2019/5/1,MUSIC_AND_AUDIO,1325898,,I like Amazon,13,4,4,4,4
Duolingo: Learn Languages Free,Sonicfan 31,6-Apr-19,1,Help duo kidnapped my family because I missed my japanese 30 day streak. I want to see my family again. I've studied for 8 weeks! Please!,2019/4/7,EDUCATION,147891,Everyone,Help duo kidnapped my family because I missed my japanese 30 day streak I want to see my family again Ive studied for 8 weeks Please,132,3,3,3,3
YouTube Music - Stream Songs & Music Videos,garrett flint,15-Feb-19,2,"Not very good for discovering new music. It seemed like no matter how many ""likes"" I gave songs, it still only chose the same 20 songs for my personalized playlist. Many bands that have accounts on Spotify had almost no content on YouTube Music, which I found puzzling. I tried it with the 3-month trial, but will not be signing up after that.",2019/3/9,MUSIC_AND_AUDIO,1067470,Teen,Not very good for discovering new music It seemed like no matter how many likes I gave songs it still only chose the same 20 songs for my personalized playlist Many bands that have accounts on Spotify had almost no content on YouTube Music which I found puzzling I tried it with the 3month trial but will not be signing up after that,333,4,2,2,2
Remind: School Communication,Meisha Kelley,11-Dec-18,5,I love it keeps me in the know of whats going on...,2019/3/8,EDUCATION,17096,Everyone,I love it keeps me in the know of whats going on,48,4,4,4,4
Bowmasters,Ranga Madhuri Bandhakavi,13-Apr-19,5,good luck with the latest version of the most important thing is that you have any comments or suggestions regarding our website at the moment and will be able to get your email address and password to anyone who wants to see you there,2019/4/14,GAME_ACTION,876400,Teen,good luck with the latest version of the most important thing is that you have any comments or suggestions regarding our website at the moment and will be able to get your email address and password to anyone who wants to see you there,235,3,2,3,3
,Larry Wayne Sharpe,15-Apr-19,4,awesome besides the fact you can't transfer your earnings to PayPal,2019/5/1,HEALTH_AND_FITNESS,2646481,,awesome besides the fact you cant transfer your earnings to PayPal,66,2,2,2,2
Amazon Music,Brian Fitzgerald,24-Mar-19,5,Awesome variety for everyone to choose from,2019/4/1,MUSIC_AND_AUDIO,1165039,Teen,Awesome variety for everyone to choose from,43,4,3,4,4
FaceApp,Rosy Rani Singh,22-Feb-19,4,Please remove this pro thing. Do I really need to pay to see my photos with special effects?,2019/4/1,LIFESTYLE,2165776,Everyone,Please remove this pro thing Do I really need to pay to see my photos with special effects,90,2,2,2,2
Family Locator - GPS Tracker,Steven Mauldin,14-Apr-19,5,"I Love that I can still feel as I a Protecting my Daughters who moved from Georgia to Mississippi ..... I just told one of my Daughters that is at a Soccer Tournament to be SAFE even though I am in Cartersville,Georgia and she is in Mobile, AL. (and also to CHARGE Her PHONE...LoL)",2019/4/14,LIFESTYLE,2240218,Everyone,I Love that I can still feel as I a Protecting my Daughters who moved from Georgia to Mississippi  I just told one of my Daughters that is at a Soccer Tournament to be SAFE even though I am in CartersvilleGeorgia and she is in Mobile AL and also to CHARGE Her PHONELoL,268,4,3,3,3
Family Locator - GPS Tracker,,4-Mar-19,5,"Puts a mothers mind at ease , love to know where my daughter is and how she is driving, not that i dont trust her because i do i just worry about her and rhis app lets me she where she is",2019/3/13,LIFESTYLE,2078150,Everyone,Puts a mothers mind at ease  love to know where my daughter is and how she is driving not that i dont trust her because i do i just worry about her and rhis app lets me she where she is,185,3,3,4,3
,sharekabasw H,26-Mar-19,5,love it. very user friendly,2019/5/1,FINANCE,633468,,love it very user friendly,26,4,4,4,4
,Glenda Hogan,28-Feb-19,5,great community connection board,2019/5/1,EDUCATION,275020,,great community connection board,32,4,4,4,4
,LD S,6-Apr-19,2,Wont record steps. Everything turned on. Walked 15K steps on another app so far. 0 on sweat coins.,2019/5/1,HEALTH_AND_FITNESS,2664737,,Wont record steps Everything turned on Walked 15K steps on another app so far 0 on sweat coins,94,1,1,1,1
Quizlet: Learn Languages & Vocab with Flashcards,Trisha Whisnant,24-Feb-19,5,This is a great study too to help you remember medical terminology.,2019/3/8,EDUCATION,41061,Everyone,This is a great study too to help you remember medical terminology,66,4,4,4,4
Tomb of the Mask,,19-Feb-19,5,it's fun and i love it _歹_,2019/3/8,GAME_ACTION,730216,Everyone,its fun and i love it ,22,4,4,4,4
ClassDojo,Femabeth Resuento,8-Oct-18,5,This is a great app for parents and teachers great idea!!,2019/3/8,EDUCATION,16571,Everyone,This is a great app for parents and teachers great idea,55,4,4,4,4
Ball Mayhem!,Hunter Miller,13-Feb-19,1,"This game is a complete and total failure! It is unplayable. When I play this game I want to drive my fist through a wall because it is so terrible. I urge anyone considering this game, stay away! It is not fun.",2019/3/8,GAME_ACTION,690522,Everyone,This game is a complete and total failure It is unplayable When I play this game I want to drive my fist through a wall because it is so terrible I urge anyone considering this game stay away It is not fun,205,4,1,4,4
Spotify - Music and Podcasts,Frankie Salcido,19-Apr-19,5,I love Spotify the music's great,2019/4/21,MUSIC_AND_AUDIO,1303336,Teen,I love Spotify the musics great,31,4,4,4,4
Netflix,Mokesdul Alam,18-Apr-19,5,"I like netflix. my faverite movie is gnome alone, and my faverite show is dino trux.",2019/4/21,ENTERTAINMENT,1648695,Teen,I like netflix my faverite movie is gnome alone and my faverite show is dino trux,81,4,4,4,4
Toca Kitchen 2,,17-Feb-19,5,Omg I just love this game soo funny and weird sort of but I just like it soo much,2019/3/13,FAMILY,1770899,Everyone,Omg I just love this game soo funny and weird sort of but I just like it soo much,81,4,4,4,4
Remind: School Communication,traiel spencer,10-Apr-19,4,great app that's good for communication. not as simple or quick as class dojo but still a great app for school to use. AND much quicker than traditional email,2019/4/14,EDUCATION,173632,Everyone,great app thats good for communication not as simple or quick as class dojo but still a great app for school to use AND much quicker than traditional email,155,4,3,4,4
Duolingo: Learn Languages Free,Alexander Pozharsky,12-Apr-19,3,Extremely buggy on Android 9. Stops responding just as started up,2019/4/14,EDUCATION,169100,Everyone,Extremely buggy on Android 9 Stops responding just as started up,64,1,1,1,1
Roblox,Ashton Hedges,31-Mar-19,5,its so fun,2019/4/1,FAMILY,1832538,Everyone 10+,its so fun,10,4,4,4,4
Minion Rush: Despicable Me Official Game,Barbara Stevens,20-Apr-19,4,"My exeperince is awesome,besides it taking a while to load.",2019/4/21,FAMILY,1951514,Everyone 10+,My exeperince is awesomebesides it taking a while to load,57,1,1,2,1
Fantastic Face _ Face Analysis & Aging Prediction,,9-Feb-19,5,it was amazing!,2019/3/13,LIFESTYLE,2097338,,it was amazing,14,4,4,4,4
Helix Jump,James Martin,17-Mar-19,5,it is perfect__,2019/3/24,GAME_ACTION,745851,Everyone,it is perfect,13,4,4,4,4
,tyreion the best fortnite player in the world,11-Apr-19,1,momo is on there take it off there trying to hurt your kids,2019/5/1,FAMILY,2005302,,momo is on there take it off there trying to hurt your kids,59,3,4,3,3
Pixel Art: Color by Number,dean klimt,10-Apr-19,5,It is fun but what I love it has no ads _手__手__手_,2019/4/14,ENTERTAINMENT,1573454,Everyone,It is fun but what I love it has no ads ,40,4,2,4,4
Netflix,Lance Henning,18-Apr-19,5,love my Netflix while on the road or in the air!,2019/4/21,ENTERTAINMENT,1620362,Teen,love my Netflix while on the road or in the air,47,4,4,4,4
Bitmoji _ Your Personal Emoji,Tonya E. B.,8-Mar-19,5,The BEST EVERRR!!!,2019/3/13,ENTERTAINMENT,1441559,,The BEST EVERR,14,4,4,4,4
Netflix,Mia Salgado,23-Mar-19,5,i love this app my hole family has it on there phone and i have it on my tablet and theres even Netflix on the TV,2019/3/24,ENTERTAINMENT,1469858,Teen,i love this app my hole family has it on there phone and i have it on my tablet and theres even Netflix on the TV,113,4,3,4,4
,Karen Avi,23-Apr-19,5,all i can say is thanks for this beautiful addiction __ love the game ....alittle way too much at that_五_五_五,2019/5/1,GAME_ACTION,954028,,all i can say is thanks for this beautiful addiction  love the game alittle way too much at that,96,3,4,3,3
Lose Belly Fat in 30 Days - Flat Stomach,A Google User,10-Mar-19,5,I love it,2019/4/1,HEALTH_AND_FITNESS,2451195,Everyone,I love it,9,4,4,4,4
Kick the Buddy,sandeep doi,17-Apr-19,1,to much adds,2019/4/21,GAME_ACTION,945296,Teen,to much adds,12,3,1,3,3
,one2maintain,12-Jan-19,1,"I get video playback error on all formats. computer, note 9, note 8, android TV. what format does this app works with.",2019/5/1,ENTERTAINMENT,1670331,,I get video playback error on all formats computer note 9 note 8 android TV what format does this app works with,112,1,1,1,1
Headspace: Meditation & Sleep,Jason Ferro,14-Nov-18,3,Love everything about the app. Except that I need to pay for 95% of the content. You can make it through 2 weeks before you really need to think about buying it. I even purchased a month and now it still won't unlock the content.,2019/3/16,HEALTH_AND_FITNESS,2368526,Everyone,Love everything about the app Except that I need to pay for 95 of the content You can make it through 2 weeks before you really need to think about buying it I even purchased a month and now it still wont unlock the content,223,4,1,4,4
Fitbit,Sheetal Sable,5-May-19,1,Notification broken on one plus 6T,2019/5/9,HEALTH_AND_FITNESS,2674106,Everyone,Notification broken on one plus 6T,34,1,1,1,1
,PotatoIse,15-Apr-19,5,"a trillion times better than Spotify, love you.",2019/5/1,MUSIC_AND_AUDIO,1326305,,a trillion times better than Spotify love you,45,4,4,4,4
Amazon Alexa,Laura Roberts,28-Feb-19,1,Not possible to delete recurring reminders. I've reported and asked for help multiple times to no avail. It seems I'm doomed to hear this reminder for the rest of my life. Wonder if Google Home is better.,2019/3/9,MUSIC_AND_AUDIO,1078573,Everyone,Not possible to delete recurring reminders Ive reported and asked for help multiple times to no avail It seems Im doomed to hear this reminder for the rest of my life Wonder if Google Home is better,198,1,1,1,1
Remind: School Communication,Chansreyroatha Chamroeun,14-Feb-19,5,Easy to use. Easy to communicate. I love the app so much. We get reminders and updates.,2019/3/8,EDUCATION,40267,Everyone,Easy to use Easy to communicate I love the app so much We get reminders and updates,83,4,4,4,4
Minion Rush: Despicable Me Official Game,,2-Feb-19,4,nice but not as nice as in 2018,2019/3/13,FAMILY,1767176,Everyone 10+,nice but not as nice as in 2018,31,4,4,3,4
Chase Mobile,steven wellemeyer,4-Mar-19,4,excellent...easy and fast..,2019/3/8,FINANCE,363703,Everyone,excellenteasy and fast,22,4,4,4,4
Helix Jump,Smrati Gupta,9-Apr-19,5,it is a awesome game i think it is the best game,2019/4/14,GAME_ACTION,888762,Everyone,it is a awesome game i think it is the best game,48,4,4,4,4
,Jim Milne,27-Apr-19,5,this is awesome like omg when your a noob you sound like a pro and if you touch the green it says fight me now now now,2019/5/1,MUSIC_AND_AUDIO,1342504,,this is awesome like omg when your a noob you sound like a pro and if you touch the green it says fight me now now now,118,4,3,4,4
STARZ,Abraham Diaz,11-Oct-18,5,"I'm on this app , more then any other. There's always something to watch",2019/3/13,ENTERTAINMENT,1431081,Mature 17+,Im on this app  more then any other Theres always something to watch,68,3,4,3,3
,A Google User,19-Feb-19,1,game is unfair can't win,2019/5/1,GAME_ACTION,988822,,game is unfair cant win,23,3,1,3,3
Apple Music,Muknatee R.,20-Dec-18,1,i loved it when i use with my apple device. but too many bugs for samsung device. im disappointed:(,2019/3/9,MUSIC_AND_AUDIO,1069321,Teen,i loved it when i use with my apple device but too many bugs for samsung device im disappointed,95,1,1,1,1
ABCmouse.com,A Google User,12-Jan-18,5,I think this is great,2019/4/1,EDUCATION,111108,Everyone,I think this is great,21,4,4,4,4
"Calm - Meditate, Sleep, Relax",Sarah Manovski,8-Feb-19,4,"I love this app but even after I close it, the audio still plays and the background picture on the app stays as my screen saver. please resolve this it stops me from listening to other music on my phone after I finish the app.",2019/3/16,HEALTH_AND_FITNESS,2373656,Everyone,I love this app but even after I close it the audio still plays and the background picture on the app stays as my screen saver please resolve this it stops me from listening to other music on my phone after I finish the app,223,1,1,1,1
Kahoot!,,23-Oct-18,5,I love that cool who because it's really fun with the kids for us and you can play games and do some fun stuff birthday you can learn about everything when you get in high school they going to ask you about Harrington Tubman you can tell them because you run a phone call who was the best thing that any kid had before not to judge on ABC app that stuff don't work so it's the best thing that you need to get you can play with your friends or family is stuff we really love our stuff is the best thing that anybody had because 4th graders and 5th graders can play it when you get in high school they're going to ask about Harry can tell me you can said hey can you tell me what's the first people that rested sleep she was asleep then she went left then she came back for her family so people that saved not slaves they save the people that going on somewhere so they don't have to be slaves no more they can be free they hide them under need for cat a cabinet or basement or anything and they made for the quiet though the person that make her who they go to good job or not so I hope one day the kids lose us kids it's the best day so you better get on kahoot and learn about you it you can do it with your friend your parents your teacher anybody that lives with you or are you or are you at school you can do kahoot at school with your teachers and classmates and stuff you know what your best friend but you got to make sure your teacher sign you up if you want to play kahoot on you need your username or your parents phone number email and stuff and you put it in the kahoot and you can play with your friends got her sisters anybody that live with you or at school so I hope people can play kahoot. The person that made it the person that really made it kids will learn better better But once they get to it kids you better than the person spend time that make hoop up and I know there's a boy and a girl that make they get good kahoot is best me and my brothers and my little sister play kahoot at home together when we playing School so I hope people can get on code something thanks for making kahoot the person that made it,2019/3/8,EDUCATION,39683,Everyone,I love that cool who because its really fun with the kids for us and you can play games and do some fun stuff birthday you can learn about everything when you get in high school they going to ask you about Harrington Tubman you can tell them because you run a phone call who was the best thing that any kid had before not to judge on ABC app that stuff dont work so its the best thing that you need to get you can play with your friends or family is stuff we really love our stuff is the best thing that anybody had because 4th graders and 5th graders can play it when you get in high school theyre going to ask about Harry can tell me you can said hey can you tell me whats the first people that rested sleep she was asleep then she went left then she came back for her family so people that saved not slaves they save the people that going on somewhere so they dont have to be slaves no more they can be free they hide them under need for cat a cabinet or basement or anything and they made for the quiet though the person that make her who they go to good job or not so I hope one day the kids lose us kids its the best day so you better get on kahoot and learn about you it you can do it with your friend your parents your teacher anybody that lives with you or are you or are you at school you can do kahoot at school with your teachers and classmates and stuff you know what your best friend but you got to make sure your teacher sign you up if you want to play kahoot on you need your username or your parents phone number email and stuff and you put it in the kahoot and you can play with your friends got her sisters anybody that live with you or at school so I hope people can play kahoot The person that made it the person that really made it kids will learn better better But once they get to it kids you better than the person spend time that make hoop up and I know theres a boy and a girl that make they get good kahoot is best me and my brothers and my little sister play kahoot at home together when we playing School so I hope people can get on code something thanks for making kahoot the person that made it,2126,3,3,3,3
IRS2Go,A Google User,20-Mar-15,5,Perfect! Accurately pinpointed my return perfectly,2019/3/8,FINANCE,346647,Everyone,Perfect Accurately pinpointed my return perfectly,49,4,4,3,4
Quizlet: Learn Languages & Vocab with Flashcards,,25-Jan-19,5,Helps you with everything that you need for ALL your classes. For grades (9-12) High School ONLY!!!!_算_,2019/3/8,EDUCATION,26972,Everyone,Helps you with everything that you need for ALL your classes For grades 912 High School ONLY,92,3,3,3,3
Roblox,Wolfie Pup,31-Mar-19,5,This game is so much fun,2019/4/1,FAMILY,1844740,Everyone 10+,This game is so much fun,24,4,4,4,4
Roblox,jelly belly,8-May-19,5,i love it,2019/5/9,FAMILY,2065795,Everyone 10+,i love it,9,4,4,4,4
Helix Jump,Srinivasa Rao,19-Apr-19,5,it is a nice game ____,2019/4/21,GAME_ACTION,937215,Everyone,it is a nice game ,18,4,4,4,4
,kunal kotian,27-Apr-19,1,m not getting any matches and my account is getting loged out automatically. Poor reach of my profile.,2019/5/1,LIFESTYLE,2311659,,m not getting any matches and my account is getting loged out automatically Poor reach of my profile,100,1,1,1,1
,KBAT22,22-Mar-19,5,it's amazing like I get to see behind the scenes and make my own character. Highly recommended,2019/5/1,FAMILY,2004158,,its amazing like I get to see behind the scenes and make my own character Highly recommended,92,4,3,4,4
YouTube Music - Stream Songs & Music Videos,Olivia Powell,20-Mar-19,5,i like that now i can listen while on a call,2019/3/24,MUSIC_AND_AUDIO,1105044,Teen,i like that now i can listen while on a call,44,4,3,4,4
,Lady-kungfu Moreno,24-Apr-19,5,it a good way to remember,2019/5/1,HEALTH_AND_FITNESS,2655513,,it a good way to remember,25,4,4,4,4
PayPal Mobile Cash: Send and Request Money Fast,,12-Mar-19,5,Great App the easiest way to transfer money,2019/3/24,FINANCE,379448,Everyone,Great App the easiest way to transfer money,43,4,4,4,4
Spotify - Music and Podcasts,geoff Tate,7-Mar-19,5,Best music app by far!,2019/3/9,MUSIC_AND_AUDIO,1046135,Teen,Best music app by far,21,4,4,4,4
Kick the Buddy,Larry Lock,3-Mar-19,5,I realy like it it is so fun,2019/3/8,GAME_ACTION,724337,Teen,I realy like it it is so fun,28,4,4,4,4
Bitmoji _ your personal emoji,Apsara Khadka,5-May-19,4,this emojis are awesome,2019/5/9,ENTERTAINMENT,1728180,,this emojis are awesome,23,4,4,4,4
,Walter Rives,15-Apr-19,5,I love kids youtube,2019/5/1,FAMILY,1993624,,I love kids youtube,19,4,4,4,4
Pixel Art: Color by Number,A Google User,31-Mar-19,5,It's very good,2019/4/14,ENTERTAINMENT,1615826,Everyone,Its very good,13,4,4,4,4
Roblox,Ghoust collard,8-May-19,5,i love the game,2019/5/9,FAMILY,2053087,Everyone 10+,i love the game,15,4,4,4,4
Netflix,Travis Copeland,25-Mar-19,4,"It's a great service, would have given 5 stars if not for all the price increases and lies that original members were grandfathered into their $7.99/month price. I just adjusted my account after seeing it had climbed to $12.99/month, but $8.99 is now the best I get. Of course I'll pay it, it's just a shame they lied to us all. They're just like every other greedy corporation in this country apparently, but they do offer a good streaming service!",2019/4/1,ENTERTAINMENT,1496615,Teen,Its a great service would have given 5 stars if not for all the price increases and lies that original members were grandfathered into their 799month price I just adjusted my account after seeing it had climbed to 1299month but 899 is now the best I get Of course Ill pay it its just a shame they lied to us all Theyre just like every other greedy corporation in this country apparently but they do offer a good streaming service,429,4,1,4,4
,Claire Delahorne,12-Apr-19,3,"this app is great -when it works. It's always having issues syncing with my band. I'm constantly having to repair and reboot to make it sync, and then 2 days later it won't work again.",2019/5/1,HEALTH_AND_FITNESS,2665176,,this app is great when it works Its always having issues syncing with my band Im constantly having to repair and reboot to make it sync and then 2 days later it wont work again,176,1,1,1,1
Amazon Music,Robert Andrews,3-Mar-19,3,"Amazon prime does not carry all songs, many songs are not available, unless you pay more.",2019/3/9,MUSIC_AND_AUDIO,1055851,Teen,Amazon prime does not carry all songs many songs are not available unless you pay more,86,3,1,3,3
Pandora Music,A Google User,16-Mar-19,5,Love my Texas Red Dirt music on Pandora!!!,2019/4/1,MUSIC_AND_AUDIO,1134516,Teen,Love my Texas Red Dirt music on Pandora,39,4,4,4,4
Tubi - Free Movies & TV Shows,Jasseline Salazar,6-May-19,5,I think that it's better to not pay for watching movies on apps,2019/5/9,ENTERTAINMENT,1725027,Teen,I think that its better to not pay for watching movies on apps,62,2,2,3,2
Bowmasters,FAZE KING,4-May-19,4,"This game is great. I haven't unlocked the other modes yet but so far it's super fun. The only problem is you get an AD for every single round. Also the chests are rigged. It doesn't let you have the good items, instead it just makes it look like your about to get something good but it always gives you coins, REALLY ANNOYING!!!",2019/5/9,GAME_ACTION,1006818,Teen,This game is great I havent unlocked the other modes yet but so far its super fun The only problem is you get an AD for every single round Also the chests are rigged It doesnt let you have the good items instead it just makes it look like your about to get something good but it always gives you coins REALLY ANNOYING,317,3,1,3,3
Fitbit,Heather Denman,3-Mar-19,5,"I love doing challenges with my friends and family, they help motivate me to move more. Also, I like the destination challenges, you get to see some spectacular sights along with ""racing"" your group to the end.",2019/3/16,HEALTH_AND_FITNESS,2363993,Everyone,I love doing challenges with my friends and family they help motivate me to move more Also I like the destination challenges you get to see some spectacular sights along with racing your group to the end,203,3,3,4,3
WildCraft: Animal Sim Online 3D,Septicgalaxy sam,15-Apr-19,5,"loves the view but needs more detail to ""define"" male from female. it would help alot for Roleplays.",2019/4/21,FAMILY,1962348,Everyone 10+,loves the view but needs more detail to define male from female it would help alot for Roleplays,96,2,2,2,2
Duolingo: Learn Languages Free,Barbara Gooding,27-Mar-19,4,I know some Spanish. This program helped tremendously and it was all fun.,2019/4/1,EDUCATION,92735,Everyone,I know some Spanish This program helped tremendously and it was all fun,71,3,3,4,3
Duolingo: Learn Languages Free,SAM RIM,4-Mar-19,5,perfect for learning new language,2019/3/8,EDUCATION,7006,Everyone,perfect for learning new language,33,4,4,4,4
Duolingo: Learn Languages Free,A Google User,1-Apr-19,5,"Fun and easy. Moves along at a steady pace according to the student. Honestly, give it a go and see what you can learn!",2019/4/1,EDUCATION,121031,Everyone,Fun and easy Moves along at a steady pace according to the student Honestly give it a go and see what you can learn,115,4,3,3,3
Duolingo: Learn Languages Free,dianne sposito,1-May-19,5,it is fun and helps a lot,2019/5/9,EDUCATION,319288,Everyone,it is fun and helps a lot,25,3,4,4,4
Duolingo: Learn Languages Free,A Google User,31-Mar-19,5,bite size great,2019/4/1,EDUCATION,107207,Everyone,bite size great,15,4,4,4,4
,Richard Johnson,30-Apr-19,5,"I love Credit Karma, with out this app I would be lost. it has helped me understand my credit score and I'm on my way to fix it.",2019/5/1,FINANCE,640495,,I love Credit Karma with out this app I would be lost it has helped me understand my credit score and Im on my way to fix it,124,4,3,4,4
Drum Pad Machine - Make Beats,,15-Mar-19,4,i love this fun and unique games,2019/3/24,MUSIC_AND_AUDIO,1122902,Everyone,i love this fun and unique games,32,4,4,4,4
Remind: School Communication,Hoopee Hillbillies,23-Jan-19,5,"Perfect app for school communication! My parents and students keep in close contact with me this way and stay informed about important information. Has made school to home communication a breeze, and what's even better is that you can email yourself contact history to keep for documentation! The Remind app makes teacher life so much easier and saves so much time!",2019/3/8,EDUCATION,38257,Everyone,Perfect app for school communication My parents and students keep in close contact with me this way and stay informed about important information Has made school to home communication a breeze and whats even better is that you can email yourself contact history to keep for documentation The Remind app makes teacher life so much easier and saves so much time,359,4,3,4,4
Cash App,Terrance Howell,28-Feb-19,1,y i cant send money,2019/3/8,FINANCE,371972,Everyone,y i cant send money,19,1,1,1,1
Remind: School Communication,Linda Dunn,30-Apr-19,1,"I keep getting notifications about new messages, but when I open the app, it says that it can't connect and to try again later. I haven't been able to see any new messages since April 10. I need it to see what is going on at my child's school, but it never connects.",2019/5/9,EDUCATION,312199,Everyone,I keep getting notifications about new messages but when I open the app it says that it cant connect and to try again later I havent been able to see any new messages since April 10 I need it to see what is going on at my childs school but it never connects,257,1,1,1,1
,Gaddy Dominguez,30-Apr-19,5,awesomeness mean ll,2019/5/1,ENTERTAINMENT,1667196,,awesomeness mean ll,19,4,4,4,4
,Harsh K Pali,9-Apr-19,3,cant listen in background,2019/5/1,MUSIC_AND_AUDIO,1323143,,cant listen in background,25,1,1,2,1
Snowball.io,Eriz Drawz,19-Apr-19,5,It's so fun!!! Keep it up! :),2019/4/21,GAME_ACTION,938436,Everyone,Its so fun Keep it up ,22,4,4,4,4
YouTube Kids,,26-Feb-19,1,it has now got suiside tips on it,2019/3/13,FAMILY,1758449,Everyone,it has now got suiside tips on it,33,3,1,3,3
YouTube Music - Stream Songs & Music Videos,Mohan bhole,1-May-19,1,why the hell you are forcing for you tube premium And asking credit card information the people who are interested will bye subscription why you are showing ads pop-up,2019/5/9,MUSIC_AND_AUDIO,1369523,Teen,why the hell you are forcing for you tube premium And asking credit card information the people who are interested will bye subscription why you are showing ads popup,166,3,1,3,3
Google Play Games,Smart Akuma,18-Apr-19,5,it gives direct view on pes 2019,2019/4/21,ENTERTAINMENT,1656854,Teen,it gives direct view on pes 2019,32,3,3,3,3
,Gacha KaeLynn,13-Jan-19,1,"WTH I CANT SEARCH ANY SONG AND YOU DONT HAVE QUEEN!? WHAT IS YOUR LIFE IDIOTS! AND WAY TO MANY ADS! YOU LIVE UNDER A ROCK I GUESS! edit: thanks try ur best :3 sorry I was a bit harsh, I luv queen heh",2019/5/1,MUSIC_AND_AUDIO,1335903,,WTH I CANT SEARCH ANY SONG AND YOU DONT HAVE QUEEN WHAT IS YOUR LIFE IDIOTS AND WAY TO MANY ADS YOU LIVE UNDER A ROCK I GUESS edit thanks try ur best 3 sorry I was a bit harsh I luv queen heh,191,1,1,3,1
Duolingo: Learn Languages Free,,7-Mar-19,5,"Fantastic, and amazing that they offer such a well thought out learning program for free. Deeply appreciated.",2019/3/13,FAMILY,1769930,Everyone,Fantastic and amazing that they offer such a well thought out learning program for free Deeply appreciated,106,4,3,4,4
Family Locator - GPS Tracker,rajashekarreddy dasireddy,5-Apr-19,5,it's very helpful app for family,2019/4/7,LIFESTYLE,2189238,Everyone,its very helpful app for family,31,4,4,4,4
Tinder,sahariatul akmam,15-Mar-19,5,"I love the fact that it does gives you freedom when you know you wanna stop. well, all dating apps does offer the ""freedom"" but tinder is different. so, yay!",2019/3/24,LIFESTYLE,2137027,Mature 17+,I love the fact that it does gives you freedom when you know you wanna stop well all dating apps does offer the freedom but tinder is different so yay,150,3,3,4,3
WildCraft: Animal Sim Online 3D,A Google User,5-Mar-19,5,It's the BEST game ever!!!!!! (BTW IT HELPS ME FOR MY YT CHANNEL),2019/4/1,FAMILY,1845549,Everyone 10+,Its the BEST game ever BTW IT HELPS ME FOR MY YT CHANNEL,56,4,3,4,4
YouTube Kids,,26-Feb-19,4,I like it,2019/3/13,FAMILY,1765201,Everyone,I like it,9,4,4,4,4
Pandora Music,,3-Mar-19,5,MUSIIIIICCCCCCCAAAAAAAAA.music music more music and...YOULL NEVER GUESS IT!!!!MUSIC!!!!,2019/3/9,MUSIC_AND_AUDIO,1060926,Teen,MUSIICCAAmusic music more music andYOULL NEVER GUESS ITMUSIC,60,3,4,3,3
"Color by Number, Pixel Color - Pixel Art",Rhianne Cape,15-Apr-19,5,i love this app i give five stars because when im bored its useful when i play this my bored was gone,2019/5/9,ENTERTAINMENT,1744731,Everyone,i love this app i give five stars because when im bored its useful when i play this my bored was gone,101,4,3,4,4
Duolingo: Learn Languages Free,Pedro,21-Apr-19,3,I want to be able to select English from UK and Portuguese from Portugal. I want to learn from the origins.,2019/4/21,FAMILY,1960314,Everyone,I want to be able to select English from UK and Portuguese from Portugal I want to learn from the origins,105,2,2,2,2
Cash App,Purple Jak,15-Mar-19,1,All of a sudden can't deposit money to my account. Literally the only thing this app is supposed to do. Would not trust this app with large amounts of money.,2019/3/24,FINANCE,389921,Everyone,All of a sudden cant deposit money to my account Literally the only thing this app is supposed to do Would not trust this app with large amounts of money,153,1,2,1,1
Kick the Buddy,Siddharth Gupta,18-Apr-19,1,The game wouldn't start after downloading. It just kept on loading and loading.... ____,2019/4/21,GAME_ACTION,949267,Teen,The game wouldnt start after downloading It just kept on loading and loading ,77,1,1,1,1
Pluto TV - It__ Free TV,Anthony Appling,19-Mar-19,1,CANT WATCH LIVE TV,2019/3/24,ENTERTAINMENT,1483326,,CANT WATCH LIVE TV,18,1,1,2,1
Google Home,Sahil Patel,16-Apr-19,2,Alexa has way more features,2019/4/21,LIFESTYLE,2275132,Everyone,Alexa has way more features,27,3,2,2,2
Google Home,Marek Vince,24-Jan-19,5,"Ok, I'm updating my review on this app from 2 stars to 5 stars. thanks to google LLC they have told me that I just needed to enable my google app and everything seems to be working just fine now.",2019/3/13,LIFESTYLE,2077550,Everyone,Ok Im updating my review on this app from 2 stars to 5 stars thanks to google LLC they have told me that I just needed to enable my google app and everything seems to be working just fine now,191,3,3,4,3
Bitmoji _ your personal emoji,PrincessKryss kellis,17-Apr-19,5,so good no adds of course good options buuuut sometime they do not have the hair style i have ... SOOOOOOOOO COOOOOOOOL LOVE IT SO MUCH..!.........,2019/4/21,ENTERTAINMENT,1622828,,so good no adds of course good options buut sometime they do not have the hair style i have  SOO COOL LOVE IT SO MUCH,117,4,4,4,4
Drink Water Reminder: Water Tracker & Alarm,Subramaniam Kabaleeswaran,12-Mar-19,5,Good. Timely reminder to take water,2019/3/16,HEALTH_AND_FITNESS,2394216,Everyone,Good Timely reminder to take water,34,4,4,4,4
Samsung Health,shree chamunda,26-Mar-19,3,blood pressure measure option available,2019/4/1,HEALTH_AND_FITNESS,2468731,Everyone,blood pressure measure option available,39,2,2,2,2
Spotify - Music and Podcasts,Pauline Villavieja,12-Apr-19,5,Ries and Sing God And You Ries And Sing,2019/4/14,MUSIC_AND_AUDIO,1236295,Teen,Ries and Sing God And You Ries And Sing,39,4,4,3,4
Photomath,Sukhmani makan,2-Mar-19,5,very useful app,2019/3/8,EDUCATION,14745,Everyone,very useful app,15,4,4,4,4
,A Google User,10-Mar-19,1,had two friends join me on cash app did not get my 5$ each for them joining me.. faults advertising.......,2019/5/1,FINANCE,628301,,had two friends join me on cash app did not get my 5 each for them joining me faults advertising,96,3,1,3,3
Zelle,Brett Bogaard,11-Feb-19,1,This app is complete garbage. Zelle is trash that doesn't work.,2019/3/8,FINANCE,368490,Everyone,This app is complete garbage Zelle is trash that doesnt work,60,4,4,1,4
Snowball.io,James Fuchs,17-Mar-19,5,I Like This App!,2019/3/24,GAME_ACTION,753605,Everyone,I Like This App,15,4,4,4,4
Samsung Health,Sammia Kitchen,22-Apr-19,5,very useful app,2019/5/9,HEALTH_AND_FITNESS,2710814,Everyone,very useful app,15,4,4,4,4
,Rose Blackwell,14-Mar-19,1,why premium? can't you see I'm broke?,2019/5/1,HEALTH_AND_FITNESS,2633566,,why premium cant you see Im broke,33,1,1,3,1
,Lance Terry,30-Apr-19,3,My location is sometimes way off even though I have my GPS and WiFi on,2019/5/1,LIFESTYLE,2298773,,My location is sometimes way off even though I have my GPS and WiFi on,70,1,2,1,1
,Ryan Watkins,27-Apr-19,5,"I love the way the lessons are structured in such a way, that it's very easy to incorporate language learning into every day.",2019/5/1,FAMILY,2004360,,I love the way the lessons are structured in such a way that its very easy to incorporate language learning into every day,122,3,3,4,3
STARZ,,14-Nov-18,5,Very nice app,2019/3/13,ENTERTAINMENT,1422136,Mature 17+,Very nice app,13,4,4,4,4
Photomath,Kaleb Demouchette,29-Mar-19,5,I love this app,2019/4/1,EDUCATION,105678,Everyone,I love this app,15,4,4,4,4
Samsung Health,,19-Mar-19,5,great for tracking your steps,2019/3/24,HEALTH_AND_FITNESS,2439176,Everyone,great for tracking your steps,29,4,3,4,4
Cash App,,11-Mar-19,5,"This app does exactly what it says. It's simple, reliable, it never crashes or does anything funny with my money. I wish all apps behaved this way!",2019/3/24,FINANCE,419633,Everyone,This app does exactly what it says Its simple reliable it never crashes or does anything funny with my money I wish all apps behaved this way,141,4,3,3,3
Tubi - Free Movies & TV Shows,George Wolfe,8-May-19,5,Great free stuff. A few commercials. All good.,2019/5/9,ENTERTAINMENT,1741218,Teen,Great free stuff A few commercials All good,43,4,4,4,4
Calorie Counter - MyFitnessPal,Oaklynn Alvey,8-May-19,1,"Was recommended by my actual dietitian, only to not be able to use it because apparently I'm too young to lose weight and take care of my metabolic condition. thanks under armour.",2019/5/9,HEALTH_AND_FITNESS,2698733,Everyone,Was recommended by my actual dietitian only to not be able to use it because apparently Im too young to lose weight and take care of my metabolic condition thanks under armour,175,3,3,3,3
,Kimberly Campbell,28-Apr-19,4,Awesome... Keeps me up to date with what's going on with my credit.. For the most part..,2019/5/1,FINANCE,627587,,Awesome Keeps me up to date with whats going on with my credit For the most part,80,1,4,4,4
TurboTax Tax Return App _ Max Refund Guaranteed,Lisa True,28-Jan-19,2,been using turbo tax for years but this year it won't let me efile keeps telling me try again later it's been 5 days so I guess H&R block will get my business from now on,2019/3/8,FINANCE,367844,,been using turbo tax for years but this year it wont let me efile keeps telling me try again later its been 5 days so I guess HR block will get my business from now on,167,1,3,1,1
Super Bino Go - New Games 2019,Carrie Noble,11-Feb-19,5,Like it real good,2019/3/13,FAMILY,1780766,Everyone,Like it real good,17,4,4,4,4
,Mbusi Ndlovu,3-Apr-19,4,its legit i sound like marshmello,2019/5/1,MUSIC_AND_AUDIO,1322002,,its legit i sound like marshmello,33,3,4,4,4
Snowball.io,Jane Warren,25-Apr-19,5,It's like a snow ball fight _算__,2019/5/9,GAME_ACTION,1001994,Everyone,Its like a snow ball fight ,27,3,4,4,4
Fitbit,Kaprice Tompkins,27-Mar-19,1,my fitbit wont sync tried everything listed online. Nothing works. watch works fine but syncing sucks.,2019/4/1,HEALTH_AND_FITNESS,2467947,Everyone,my fitbit wont sync tried everything listed online Nothing works watch works fine but syncing sucks,99,1,1,1,1
,jeanie whitted,19-Feb-18,5,"TBH, it makes school better. yes it becomes really competitive but it's become a very big part in education and everyone love it.",2019/5/1,EDUCATION,263031,,TBH it makes school better yes it becomes really competitive but its become a very big part in education and everyone love it,125,4,3,4,4
,Chuy Franco,25-Feb-19,5,love this game.. just alil too many ads.. if that can be change that would be great,2019/5/1,GAME_ACTION,987376,,love this game just alil too many ads if that can be change that would be great,79,2,4,4,4
Amazon Prime Video,,12-Mar-19,4,"as far as performance, it's excellent, quality of programming, well?",2019/3/13,ENTERTAINMENT,1402382,Teen,as far as performance its excellent quality of programming well,63,4,4,4,4
TurboTax Tax Return App _ Max Refund Guaranteed,Matt Meadows,15-Apr-19,5,very good app it explains step by step very helpful and easy to use.,2019/4/21,FINANCE,583204,,very good app it explains step by step very helpful and easy to use,67,4,4,4,4
,Tejinder Singh Deo,10-Aug-18,4,it is good,2019/5/1,EDUCATION,249905,,it is good,10,4,4,4,4
,A Google User,20-Mar-19,1,it will not watch a movie,2019/5/1,ENTERTAINMENT,1693663,,it will not watch a movie,25,1,2,1,1
Duolingo: Learn Languages Free,Harris Morrison,10-Apr-19,4,"Trying German but getting bored with the repetition but jumping ahead brings up words I have to guess at initially. Perhaps this is the method or more likely, I should read the instructions!",2019/4/14,EDUCATION,181346,Everyone,Trying German but getting bored with the repetition but jumping ahead brings up words I have to guess at initially Perhaps this is the method or more likely I should read the instructions,187,3,2,3,3
YouTube Kids,Heidi Heredero,28-Feb-19,4,what about the grinch momo challenge?,2019/3/24,FAMILY,1817019,Everyone,what about the grinch momo challenge,36,3,2,2,2
Drum Pad Machine - Make Beats,Simon Green,29-Mar-19,4,love the app,2019/4/1,MUSIC_AND_AUDIO,1164902,Everyone,love the app,12,4,4,4,4
DisneyNOW _ Episodes & Live TV,paty gonzalez,7-Dec-18,5,I think it's not fair that when you try to watch something new it just shows a black screen I just want you to fix it please thanks,2019/3/13,FAMILY,1772847,,I think its not fair that when you try to watch something new it just shows a black screen I just want you to fix it please thanks,130,1,2,1,1
Toca Kitchen 2,,17-Mar-19,5,so cool and fun try it,2019/3/24,FAMILY,1788492,Everyone,so cool and fun try it,22,4,4,4,4
Bank of America Mobile Banking,John Jackson,30-Mar-19,3,"It's been a year and a half since the response to my mention of no ShopSafe in the app, and there hasn't been another word about it or sign of it _對_",2019/4/1,FINANCE,450638,Everyone,Its been a year and a half since the response to my mention of no ShopSafe in the app and there hasnt been another word about it or sign of it ,143,3,3,3,3
Netflix,Coral Perez,7-Apr-19,5,need more movies to be included,2019/4/7,ENTERTAINMENT,1536273,Teen,need more movies to be included,31,2,2,2,2
Roblox,Elly Eric,24-Mar-19,5,I love this game,2019/3/24,FAMILY,1813968,Everyone 10+,I love this game,16,4,4,4,4
Bank of America Mobile Banking,Fernando S獺nchez,18-Mar-19,5,"Excellent, easy, secure and friendly",2019/3/24,FINANCE,400509,Everyone,Excellent easy secure and friendly,34,4,4,4,4
Calorie Counter - MyFitnessPal,Danette Pratt,4-Apr-19,5,I have used this for 3 years or more. I like it a lot. Not going to stop,2019/4/7,HEALTH_AND_FITNESS,2519778,Everyone,I have used this for 3 years or more I like it a lot Not going to stop,70,4,4,4,4
Roku,Zuzana G,8-Feb-19,5,Works pretty much like the remote plus you can listen to the program with your headphones!,2019/3/13,ENTERTAINMENT,1414474,Teen,Works pretty much like the remote plus you can listen to the program with your headphones,89,3,3,3,3
Calorie Counter - MyFitnessPal,Oliver Daniels,31-Mar-19,4,Good for tracking ready made foods. Harder if you cook from basics.,2019/4/1,HEALTH_AND_FITNESS,2479663,Everyone,Good for tracking ready made foods Harder if you cook from basics,65,3,4,4,4
Bitmoji _ your personal emoji,Sophia Hutcheson,9-May-19,4,Really good. I just wish there weren't cuss words. Overall i really like it,2019/5/9,ENTERTAINMENT,1740851,,Really good I just wish there werent cuss words Overall i really like it,72,4,4,4,4
,Lori Rench,27-Apr-19,1,you have to pay for it,2019/5/1,LIFESTYLE,2319905,,you have to pay for it,22,3,1,3,3
Fantastic Face _ Daily face & Beauty Competition,A Google User,21-Feb-19,1,Not good I was doing an angry expression and it said i was sad,2019/4/7,LIFESTYLE,2190226,,Not good I was doing an angry expression and it said i was sad,62,4,4,2,4
,Junu GURUNG,30-Apr-19,4,pro game make ok,2019/5/1,GAME_ACTION,986255,,pro game make ok,16,3,4,4,4
PUBG MOBILE,farhan shaikh,24-Mar-19,1,remove cake update please,2019/3/24,GAME_ACTION,749997,Teen,remove cake update please,25,2,2,2,2
Calorie Counter - MyFitnessPal,BATMAN C-Smith,15-Apr-19,5,couldn't live without it I might actually be on my way to being healthy it is so easy thank you,2019/4/21,HEALTH_AND_FITNESS,2584168,Everyone,couldnt live without it I might actually be on my way to being healthy it is so easy thank you,94,3,4,3,3
,Majaiah Sheppard,30-Apr-19,5,it is toatally wort your time iv'e spent 5 hours playing it before yes i know its crazy but i never learn.,2019/5/1,GAME_ACTION,953798,,it is toatally wort your time ive spent 5 hours playing it before yes i know its crazy but i never learn,104,3,4,3,3
Chase Mobile,Devonte Perry,4-Apr-19,5,its been wonderful to me & my new bussiness,2019/4/7,FINANCE,475145,Everyone,its been wonderful to me  my new bussiness,42,4,4,4,4
"Notepad - Notes with Reminder, ToDo, Sticky notes",,28-Dec-18,5,Simple and works great.,2019/3/13,LIFESTYLE,2094479,Everyone,Simple and works great,22,4,4,4,4
,Priyanka Gupta,1-May-19,5,My game is not getting updated. It shows that it is of 475 my but goes more than it. Please help me pls.What to do now. I am downloading this update by hotspot. Playing help me.,2019/5/1,GAME_ACTION,957368,,My game is not getting updated It shows that it is of 475 my but goes more than it Please help me plsWhat to do now I am downloading this update by hotspot Playing help me,171,1,3,1,1
Snowball.io,M &m squad vlogs,5-Mar-19,5,it is a fun and aditing game i love it,2019/3/8,GAME_ACTION,696923,Everyone,it is a fun and aditing game i love it,38,4,4,4,4
,Ck Vineeth gamer,18-Jan-19,5,good to use it,2019/5/1,EDUCATION,252222,,good to use it,14,4,4,4,4
Duolingo: Learn Languages Free,Celeste I,2-Apr-19,5,It's great! It doesn't take a lot of time per day. Incentives for daily use. Excellent selection of languages to learn. Social/Competitive side to it.,2019/4/7,FAMILY,1890398,Everyone,Its great It doesnt take a lot of time per day Incentives for daily use Excellent selection of languages to learn SocialCompetitive side to it,142,4,3,4,4
Kahoot!,Kamyrnn Butler,16-Mar-18,4,It is good for learning and it is fun,2019/3/8,EDUCATION,8608,Everyone,It is good for learning and it is fun,37,4,4,4,4
Roblox,A Google User,31-Mar-19,5,me and my cousins love this app sooooo much,2019/4/1,FAMILY,1835086,Everyone 10+,me and my cousins love this app soo much,40,4,4,4,4
,Jeffrey Hildebrand,24-Apr-19,4,"could have done more ""smart"" settings, but otherwise excellent.",2019/5/1,HEALTH_AND_FITNESS,2655913,,could have done more smart settings but otherwise excellent,59,2,4,2,2
,A Google User,28-Feb-19,5,it looks cool and asome__,2019/5/1,GAME_ACTION,977596,,it looks cool and asome,23,4,4,4,4
Lose Belly Fat in 30 Days - Flat Stomach,Lyndsey DeFeo,28-Feb-19,5,really love the program. it keeps me updated with reminders and is exactly what i need to stay with it.,2019/3/16,HEALTH_AND_FITNESS,2361979,Everyone,really love the program it keeps me updated with reminders and is exactly what i need to stay with it,101,4,3,4,4
Tomb of the Mask,Ryan Effinger,22-Feb-19,2,"This game is ad galore. If you thought low effort apps had too many ads, wait until you try this one. This game is beautifully designed and actually very addicting. It's fun to test your speed and wits. And they're pretty generous with rewards. Even I willingly indulge myself in the x2 rewards to watch an ad. But here lies the issue, every single time you complete a level or lose a level, you're forced into an ad you can't leave for 15+ seconds. It's punishing for going fast and enjoying the game",2019/3/8,GAME_ACTION,692095,Everyone,This game is ad galore If you thought low effort apps had too many ads wait until you try this one This game is beautifully designed and actually very addicting Its fun to test your speed and wits And theyre pretty generous with rewards Even I willingly indulge myself in the x2 rewards to watch an ad But here lies the issue every single time you complete a level or lose a level youre forced into an ad you cant leave for 15 seconds Its punishing for going fast and enjoying the game,485,3,3,3,3
,Claudia Maldonado,27-Apr-19,5,these game is the best for me,2019/5/1,GAME_ACTION,976574,,these game is the best for me,29,4,4,4,4
SmartThings,Bill Green,8-Mar-19,5,Love this app.,2019/3/13,LIFESTYLE,2103456,Everyone,Love this app,13,4,4,4,4
,A Google User,2-Feb-19,5,been using them to do my taxes since i start working. they are great!! alway will use them____,2019/5/1,FINANCE,624971,,been using them to do my taxes since i start working they are great alway will use them,87,4,3,4,4
Quizlet: Learn Languages & Vocab with Flashcards,stella famorca,6-Mar-19,5,Helps in studying another language BIG TIME. The shareability of sets makes it a social platform for people who are studying the same thing. Better than any language app I've ever used.,2019/3/8,EDUCATION,30105,Everyone,Helps in studying another language BIG TIME The shareability of sets makes it a social platform for people who are studying the same thing Better than any language app Ive ever used,181,3,3,3,3
Battle Royale: FPS Shooter,Fellon Cameron,20-Mar-19,5,i love this game,2019/3/24,GAME_ACTION,775080,Teen,i love this game,16,4,4,4,4
Family Locator - GPS Tracker,Mridul Srivastava,4-May-19,5,Generally i don't give reviews but yes this app has met the expectations and i recommend the owners of this application to continue the good work..Keep it up guys!!,2019/5/9,LIFESTYLE,2356361,Everyone,Generally i dont give reviews but yes this app has met the expectations and i recommend the owners of this application to continue the good workKeep it up guys,159,4,3,4,4
Calorie Counter - MyFitnessPal,Angelica Coventry,9-Apr-19,4,"like the ""barscanner"" convenient way to check product contents when you have a few to choose from.",2019/4/14,HEALTH_AND_FITNESS,2549564,Everyone,like the barscanner convenient way to check product contents when you have a few to choose from,95,3,3,4,3
Duolingo: Learn Languages Free,scribbly frog,5-Apr-19,4,"It's lovely!! A really great app. I'm a bit annoyed by the constant advertisement of the Duo Plus, which you have to pay for, I think it's too frequent and is getting irritating. Other than that, really useful app, great for learning a new language in small, bitesized, less intimidating pieces.",2019/4/7,EDUCATION,155777,Everyone,Its lovely A really great app Im a bit annoyed by the constant advertisement of the Duo Plus which you have to pay for I think its too frequent and is getting irritating Other than that really useful app great for learning a new language in small bitesized less intimidating pieces,281,3,2,2,2
SoundCloud - Music & Audio,black virgin mama from the hood,28-Feb-19,5,"SoundCloud has all the underated and underground artists, that aren't famous in the mainstream media, despite their musical talent .",2019/3/9,MUSIC_AND_AUDIO,1065520,Teen,SoundCloud has all the underated and underground artists that arent famous in the mainstream media despite their musical talent ,128,3,3,3,3
Zelle,,23-Mar-18,1,Horrible app. Use Paypal or Venmo instead,2019/3/8,FINANCE,334550,Everyone,Horrible app Use Paypal or Venmo instead,40,4,4,4,4
Sweatcoin Pays You To Get Fit,Jacob Warmonkey,29-Dec-18,5,pretty cool app,2019/3/16,HEALTH_AND_FITNESS,2396652,Everyone,pretty cool app,15,4,4,4,4
Sniper 3D Gun Shooter: Free Elite Shooting Games,Md.Moin Khan,6-Apr-19,1,bhai itna easy game bohat bekar lagta hai thoda muskil banao,2019/4/7,GAME_ACTION,847092,Mature 17+,bhai itna easy game bohat bekar lagta hai thoda muskil banao,60,4,4,4,4
Roblox,John Broussard,20-Apr-19,5,THE BEST GAME EVER,2019/4/21,FAMILY,1952433,Everyone 10+,THE BEST GAME EVER,18,4,4,4,4
Helix Jump,michael frank,26-Mar-19,5,Should have an online score board,2019/4/1,GAME_ACTION,806248,Everyone,Should have an online score board,33,2,2,2,2
"Color by Number, Pixel Color - Pixel Art",A Google User,17-Mar-19,5,I love this game because it is so easy and fun._,2019/4/7,ENTERTAINMENT,1552080,Everyone,I love this game because it is so easy and fun,46,4,4,4,4
Ball Mayhem!,,27-Feb-19,5,its so fun,2019/3/8,GAME_ACTION,697879,Everyone,its so fun,10,4,4,4,4
Pixel Art: Color by Number,A Google User,24-Mar-19,4,"its good, but it lags .....a little",2019/4/14,ENTERTAINMENT,1606049,Everyone,its good but it lags a little,29,1,1,2,1
"Calm - Meditate, Sleep, Relax",Angela Vitale,16-Jan-19,5,I prefer this app over headspace and a few other meditation apps. Works for me quite well :) Easy to commit to daily practice with this well suited app.,2019/3/16,HEALTH_AND_FITNESS,2384541,Everyone,I prefer this app over headspace and a few other meditation apps Works for me quite well  Easy to commit to daily practice with this well suited app,148,4,3,4,4
Roblox,A Google User,14-Apr-19,5,its sooooooooooo epic:D,2019/4/14,FAMILY,1936279,Everyone 10+,its soo epicD,13,4,4,4,4
YouTube Music - Stream Songs & Music Videos,bibin baby,7-May-19,1,bad premium plans from Google,2019/5/9,MUSIC_AND_AUDIO,1375497,Teen,bad premium plans from Google,29,4,4,4,4
,Gary Baker jr,29-Apr-19,5,"I've been banking with bank of America for a long time and it's the only bank that I've ever had. bank of America is the best. their not just someone that holds your money, their family that keeps you're money safe.",2019/5/1,FINANCE,638573,,Ive been banking with bank of America for a long time and its the only bank that Ive ever had bank of America is the best their not just someone that holds your money their family that keeps youre money safe,207,4,3,4,4
CVS/pharmacy,Charles Beausejour,8-Nov-18,4,It has improved.,2019/3/16,HEALTH_AND_FITNESS,2399758,Everyone,It has improved,15,3,4,3,3
Credit Karma,Jared Bartlett,26-Apr-19,5,"this is a great app, especially for people like me who are trying to get their cedit score up. this app also is gives good advice on how to raise your score.",2019/5/9,FINANCE,677411,Everyone,this is a great app especially for people like me who are trying to get their cedit score up this app also is gives good advice on how to raise your score,154,4,3,4,4
slither.io,,18-Feb-19,5,iam going to delete this good game and play enjoy the weekend with things game,2019/3/8,GAME_ACTION,729450,Everyone,iam going to delete this good game and play enjoy the weekend with things game,78,4,4,4,4
Duolingo: Learn Languages Free,_郅迮郕_迮邿,6-Mar-19,1,Thank you for the spyware.,2019/3/13,FAMILY,1764794,Everyone,Thank you for the spyware,25,3,4,3,3
Sniper 3D Gun Shooter: Free Shooting Games - FPS,,5-Mar-19,5,wow this is a fantastic game,2019/3/8,GAME_ACTION,690620,Mature 17+,wow this is a fantastic game,28,4,4,4,4
,A Google User,11-Jan-19,1,i am not paying any thing,2019/5/1,EDUCATION,252252,,i am not paying any thing,25,3,4,3,3
Fitbit,Samantha DeWitt,13-Apr-19,5,Love my Fitbit! Great company!,2019/4/14,HEALTH_AND_FITNESS,2542215,Everyone,Love my Fitbit Great company,28,4,4,4,4
Spotify - Music and Podcasts,CA V,19-Apr-19,4,"Very reliable and great recommendations, but it eats away my storage. Still, great service.",2019/4/21,MUSIC_AND_AUDIO,1290358,Teen,Very reliable and great recommendations but it eats away my storage Still great service,87,4,1,4,4
,Phool Pati,23-Apr-19,4,good but some new movies are missing they need to work on it,2019/5/1,ENTERTAINMENT,1690902,,good but some new movies are missing they need to work on it,60,2,1,1,1
Photomath,ravdeep gulati,1-Mar-19,5,The experience with this app is really nice . But it should also solve statement question.,2019/3/8,EDUCATION,28182,Everyone,The experience with this app is really nice  But it should also solve statement question,88,4,1,1,1
Sniper 3D Gun Shooter: Free Elite Shooting Games,Chuck Sanford,2-Apr-19,4,"Sick, but fun.",2019/4/7,GAME_ACTION,837049,Mature 17+,Sick but fun,12,4,4,4,4
CVS/pharmacy,Nadia Byrd,9-May-19,5,great customer service and I have love shopping there for your sale's,2019/5/9,HEALTH_AND_FITNESS,2670757,Everyone,great customer service and I have love shopping there for your sales,68,4,4,3,4
Credit Karma,William Matias,5-Apr-19,5,credit karma really works,2019/4/7,FINANCE,487099,Everyone,credit karma really works,25,3,4,4,4
Duolingo: Learn Languages Free,,21-Mar-19,5,It is much more fun than other language courses.,2019/3/24,FAMILY,1791142,Everyone,It is much more fun than other language courses,47,4,4,4,4
Amazon Prime Video,Yogitabali Yanapu,10-Apr-19,4,some times it lags ans struck's,2019/4/14,ENTERTAINMENT,1597568,Teen,some times it lags ans strucks,30,1,1,3,1
Duolingo: Learn Languages Free,Aimee Bridges,9-May-19,3,it is really slow and laggy but quite a good app,2019/5/9,FAMILY,2044353,Everyone,it is really slow and laggy but quite a good app,48,1,1,2,1
PayPal Mobile Cash: Send and Request Money Fast,Karlos Young,4-Apr-19,2,Meh No fingerprint support for nexus phone but galaxy has support W.T.H ??,2019/4/7,FINANCE,467494,Everyone,Meh No fingerprint support for nexus phone but galaxy has support WTH ,70,1,2,2,2
,Tanzzzy277,18-Mar-19,1,music used to be free on here but now u have to choose a plan and pay money.,2019/5/1,MUSIC_AND_AUDIO,1317629,,music used to be free on here but now u have to choose a plan and pay money,75,3,2,3,3
PUBG MOBILE,Faiq Jutt,9-May-19,5,i love pubg,2019/5/9,GAME_ACTION,1011530,Teen,i love pubg,11,4,4,4,4
Fresh EBT - Food Stamp Balance,,20-Mar-19,1,"only in America can people check their Food Stamp balance on a $1,000 smart phone. If you want off assistance there are ways to drastically increase your income. I am a high school drop out earning 6 figures... but I also work 65 hours a week. its simply a choice today .. there are options.",2019/3/24,FINANCE,383674,Everyone,only in America can people check their Food Stamp balance on a 100 smart phone If you want off assistance there are ways to drastically increase your income I am a high school drop out earning 6 figures but I also work 65 hours a week its simply a choice today  there are options,279,3,1,3,3
Netflix,Sharon Bennett,27-Mar-19,5,Better than apple!,2019/4/1,ENTERTAINMENT,1516012,Teen,Better than apple,17,4,4,4,4
Headspace: Meditation & Sleep,A Google User,27-Nov-18,5,"A big big thank you , sir __ I feel very relaxed and good after I meditate. I'm learning to be calm and this app is helping me . _",2019/4/1,HEALTH_AND_FITNESS,2478991,Everyone,A big big thank you  sir  I feel very relaxed and good after I meditate Im learning to be calm and this app is helping me  ,123,3,3,3,3
,Gregory Schrull,18-Jul-18,5,Makes it easy to send money to your children,2019/5/1,FINANCE,642116,,Makes it easy to send money to your children,44,4,4,3,4
Bank of America Mobile Banking,Fabiola Dako,6-May-19,5,easy to navigate,2019/5/9,FINANCE,670823,Everyone,easy to navigate,16,4,4,4,4
SoundCloud - Music & Audio,Scott Radford,25-Feb-19,5,it was great,2019/3/9,MUSIC_AND_AUDIO,1055038,Teen,it was great,12,4,4,4,4
Photomath,Dawar Hameed,2-Mar-19,4,It is best but please work more on this app. Thank you_手__,2019/3/8,EDUCATION,7316,Everyone,It is best but please work more on this app Thank you,53,4,2,4,4
PayPal Mobile Cash: Send and Request Money Fast,Shane Ramsook,4-Mar-19,5,Fast and easy,2019/3/8,FINANCE,375987,Everyone,Fast and easy,13,4,4,4,4
Snowball.io,,6-Mar-19,5,good game very easy to win,2019/3/8,GAME_ACTION,727055,Everyone,good game very easy to win,26,4,4,4,4
PayPal Mobile Cash: Send and Request Money Fast,Jeremy Hollenback,5-May-19,5,love it. great way to send money ro friends and family,2019/5/9,FINANCE,679334,Everyone,love it great way to send money ro friends and family,53,4,4,4,4
,Karlota Sumugat,25-Apr-19,5,Duo makes learning languages fun & exciting! Something you look forward to do everyday _,2019/5/1,FAMILY,2006431,,Duo makes learning languages fun  exciting Something you look forward to do everyday ,85,4,4,4,4
,Seek Only Truth,22-Mar-19,1,I cant also figure out how to recieve money to my Bank Account. sent E- mails 6hrs. Later no reply. I need the money in my Bank Account. Very dissatisfied.Day 3 and I still cant send or get my money that was sent to me in my Bank Account! No Phone number to talk to actual Person!,2019/5/1,FINANCE,608045,,I cant also figure out how to recieve money to my Bank Account sent E mails 6hrs Later no reply I need the money in my Bank Account Very dissatisfiedDay 3 and I still cant send or get my money that was sent to me in my Bank Account No Phone number to talk to actual Person,272,1,1,1,1
"iHeartRadio - Free Music, Radio & Podcasts",John Doe,9-Apr-19,2,"this radio station has to much adds, it's a bad app you trying to listen to your favorite music but b4 the music start the add comes on it's very annoying is listening to your home radio please fix it n get rid of the add.",2019/4/14,MUSIC_AND_AUDIO,1230650,Teen,this radio station has to much adds its a bad app you trying to listen to your favorite music but b4 the music start the add comes on its very annoying is listening to your home radio please fix it n get rid of the add,218,3,1,3,3
Pixel Art: Color by Number,Naima Zeggui,21-Apr-19,5,love the game!!!!!!!!____,2019/4/21,ENTERTAINMENT,1617544,Everyone,love the game,13,4,4,4,4
Spotify - Music and Podcasts,A Google User,1-Apr-19,5,I love music. Music is life. Spotify = Happines.,2019/4/1,MUSIC_AND_AUDIO,1156290,Teen,I love music Music is life Spotify  Happines,44,4,4,4,4
ClassDojo,allison wellard,29-Oct-18,1,Not working since last update!,2019/3/8,EDUCATION,27327,Everyone,Not working since last update,29,1,1,1,1
Drum Pad Machine - Make Beats,A Google User,26-Mar-19,5,It is a very good App,2019/4/1,MUSIC_AND_AUDIO,1165389,Everyone,It is a very good App,21,4,4,4,4
,A Google User,11-Mar-18,5,I love it,2019/5/1,EDUCATION,254429,,I love it,9,4,4,4,4
Photomath,Faraz Khan,8-Apr-19,5,Very helpful for maths B and Pure Maths.,2019/4/14,EDUCATION,187704,Everyone,Very helpful for maths B and Pure Maths,39,4,4,4,4
Amazon Music,Ashish Shah,14-Apr-19,4,good. need more regional choice,2019/4/14,MUSIC_AND_AUDIO,1240802,Teen,good need more regional choice,30,2,2,4,2
Free Music Player _ Online & Offline MP3 Player,TheoristGaming 117,28-Mar-19,5,Great app with good music. Songs for all people of all ages and works offline! Perfect app,2019/4/1,MUSIC_AND_AUDIO,1151790,,Great app with good music Songs for all people of all ages and works offline Perfect app,88,4,4,4,4
,Kieron Cadwalader Schofield,24-Apr-19,1,Sony Xperia XZ premium - Since the update to Android Pie I cannot play or download in 4k UHD __ Ultra HUGE Disappointment. Please update. It worked fine before.,2019/5/1,ENTERTAINMENT,1668162,,Sony Xperia XZ premium  Since the update to Android Pie I cannot play or download in 4k UHD  Ultra HUGE Disappointment Please update It worked fine before,154,1,1,3,1
Pandora Music,A Google User,30-Mar-19,5,i love how esay it is to controll,2019/4/1,MUSIC_AND_AUDIO,1152871,Teen,i love how esay it is to controll,33,4,4,4,4
slither.io,,17-Feb-19,5,because it's very fun,2019/3/8,GAME_ACTION,691149,Everyone,because its very fun,20,4,4,4,4
slither.io,,15-Feb-19,5,i likethepart whereyoucaneatpeople.,2019/3/8,GAME_ACTION,692946,Everyone,i likethepart whereyoucaneatpeople,34,3,3,4,3
,Michael Camisa,8-Apr-19,1,Soooooooooo many ads....And you can't skip most of them. Annoying.,2019/5/1,MUSIC_AND_AUDIO,1314214,,Soo many adsAnd you cant skip most of them Annoying,51,3,2,3,3
Bitmoji _ Your Personal Emoji,Lataunya Hays,4-Apr-19,5,OMG !!! Bitmoji is the answer. I have been using this app for many years now. It never fails to entertain. I am always able to find the appropriate Bitmojis.Awesome app Everyone I respond to loves it.It is so much fun.,2019/4/7,ENTERTAINMENT,1540743,,OMG  Bitmoji is the answer I have been using this app for many years now It never fails to entertain I am always able to find the appropriate BitmojisAwesome app Everyone I respond to loves itIt is so much fun,209,4,3,4,4
Tinder,Craig Williams,14-Mar-19,5,found the love of my life,2019/3/24,LIFESTYLE,2133202,Mature 17+,found the love of my life,25,3,4,4,4
,marfil_ gachas,30-Apr-19,4,i love this app but i hate it when other songs that arnt in your collection play i get it though,2019/5/1,MUSIC_AND_AUDIO,1329559,,i love this app but i hate it when other songs that arnt in your collection play i get it though,96,4,2,2,2
,Alexis Anyaegbunam,17-Apr-19,5,Its okay no problem it almost like as if u are using the real i phone as you are using it very intersting app,2019/5/1,MUSIC_AND_AUDIO,1313095,,Its okay no problem it almost like as if u are using the real i phone as you are using it very intersting app,109,3,4,4,4
Duolingo: Learn Languages Free,Scott Walmsley,22-Mar-19,4,awesome for learning but runs slowly,2019/3/24,EDUCATION,60646,Everyone,awesome for learning but runs slowly,36,1,1,1,1
Family Locator - GPS Tracker,Yang Raimi,1-May-19,4,"so far ok,, n its good app",2019/5/9,LIFESTYLE,2337810,Everyone,so far ok n its good app,24,4,4,4,4
Headspace: Meditation & Sleep,#Music Baba#,9-Nov-18,5,App is good for meditation,2019/3/16,HEALTH_AND_FITNESS,2386617,Everyone,App is good for meditation,26,4,4,4,4
Tubi - Free Movies & TV Shows,Susan Emerson,30-Apr-19,5,"great app, only 3 commercials, spaced about 25 minutes apart but that is much better than cable.",2019/5/9,ENTERTAINMENT,1725865,Teen,great app only 3 commercials spaced about 25 minutes apart but that is much better than cable,93,4,3,4,4
,Michael Glorioso,20-Apr-19,5,it is awesome bought something that is worth $42,2019/5/1,HEALTH_AND_FITNESS,2668321,,it is awesome bought something that is worth 42,47,4,4,3,4
,Denise Helms,2-Apr-19,5,easy and so very fast,2019/5/1,FINANCE,626080,,easy and so very fast,21,4,4,4,4
"Calm - Meditate, Sleep, Relax",Thomas Smith,10-Jan-19,5,Replaces my old sound machine with pictures and sound.,2019/3/16,HEALTH_AND_FITNESS,2382420,Everyone,Replaces my old sound machine with pictures and sound,53,3,3,3,3
Lose Belly Fat in 30 Days - Flat Stomach,Andre McInnis,6-May-19,5,"Great app, better than what I expected.",2019/5/9,HEALTH_AND_FITNESS,2682396,Everyone,Great app better than what I expected,37,4,4,4,4
Amazon Prime Video,Munnezzah Khan,15-Mar-19,5,wonderful. a very good collection of entertainment. kills the boredom,2019/3/24,ENTERTAINMENT,1452667,Teen,wonderful a very good collection of entertainment kills the boredom,67,4,4,4,4
,Andre Baumann,30-Apr-19,4,"I haven't used this much, but what I have done has really helped me learn a new language, I recommend to learners and memers alike.",2019/5/1,FAMILY,2004635,,I havent used this much but what I have done has really helped me learn a new language I recommend to learners and memers alike,127,3,3,4,3
Quizlet: Learn Languages & Vocab with Flashcards,Digital Kwaro,15-Apr-19,4,one of the best out there.,2019/4/21,EDUCATION,239575,Everyone,one of the best out there,25,4,4,4,4
Duolingo: Learn Languages Free,Joy Colmerauer,6-Apr-19,5,Love this app. Learning something new and becoming addicted!,2019/4/7,FAMILY,1891500,Everyone,Love this app Learning something new and becoming addicted,58,4,4,4,4
,Yog Raj,8-Jan-19,5,It's like a whatsapp group for chlidren if they make their own class.,2019/5/1,EDUCATION,251384,,Its like a whatsapp group for chlidren if they make their own class,67,2,3,2,2
Amazon Alexa,,3-Feb-19,5,i like it,2019/3/9,MUSIC_AND_AUDIO,1074784,Everyone,i like it,9,4,4,4,4
Tubi - Free Movies & TV Shows,A Google User,1-Apr-19,5,cool movie for free.. nice,2019/4/1,ENTERTAINMENT,1500381,Teen,cool movie for free nice,24,4,4,4,4
,Amy Jo Adames,19-Apr-19,5,lets me know what i'm seen as in the financial world,2019/5/1,FINANCE,615103,,lets me know what im seen as in the financial world,51,3,3,3,3
Apple Music,A Google User,13-Mar-19,1,just want to buy 1.99 song not 999 month,2019/4/1,MUSIC_AND_AUDIO,1152186,Teen,just want to buy 199 song not 99 month,38,3,1,3,3
PayPal Mobile Cash: Send and Request Money Fast,Heidii Roberts,14-Apr-19,4,handy and easy,2019/4/14,FINANCE,509998,Everyone,handy and easy,14,4,4,4,4
Fitbit,Ishaan Sohoni,8-Apr-19,1,I really love my fitbit blaze watch. But this interface is so so so so so so so bad that i can't even pair or sync my watch with the damn app. A big let down.,2019/4/14,HEALTH_AND_FITNESS,2559498,Everyone,I really love my fitbit blaze watch But this interface is so so so so so so so bad that i cant even pair or sync my watch with the damn app A big let down,154,1,1,2,1
Family Locator - GPS Tracker,Nevaeh Heaven,10-Apr-19,1,was good to start with once started to pay it only shows two accounts my 2 teens kids it wont show turned on everything and it's not working.,2019/4/14,LIFESTYLE,2237595,Everyone,was good to start with once started to pay it only shows two accounts my 2 teens kids it wont show turned on everything and its not working,139,1,1,1,1
Bitmoji _ Your Personal Emoji,,6-Mar-19,4,"I like it and all but i wish it be could make our own outfit's like mix and match them. and more hair, face and body choice's.",2019/3/13,ENTERTAINMENT,1412799,,I like it and all but i wish it be could make our own outfits like mix and match them and more hair face and body choices,121,2,2,2,2
Samsung Health,Kelly Poff,9-Apr-19,3,"I'm giving this app 3 stars do to the fact that it's very good for keeping track of things. only 3 stars due to the fact that the weight management is totally off. At 1052 Am, the app already says I'm over on my caloric intake, and I've not logged a single item yet for the day. I'm always in the over category.",2019/4/14,HEALTH_AND_FITNESS,2576872,Everyone,Im giving this app 3 stars do to the fact that its very good for keeping track of things only 3 stars due to the fact that the weight management is totally off At 1052 Am the app already says Im over on my caloric intake and Ive not logged a single item yet for the day Im always in the over category,300,1,3,1,1
Roblox,Keyona Walton,1-Apr-19,5,it's asome the best game ever made in the world,2019/4/1,FAMILY,1840787,Everyone 10+,its asome the best game ever made in the world,46,4,4,4,4
,Shiven Kohli,22-Apr-19,5,"10000,90099$ i gave it that muhc",2019/5/1,MUSIC_AND_AUDIO,1345959,,10090099 i gave it that muhc,28,4,4,3,4
Battle Royale: FPS Shooter,Anas kureshi,11-Mar-19,5,i love it,2019/3/24,GAME_ACTION,757806,Teen,i love it,9,4,4,4,4
,Blist Phoenix,1-Apr-19,1,it keep crashing pls fix it,2019/5/1,GAME_ACTION,970976,,it keep crashing pls fix it,27,1,1,1,1
,Milky 癟han,22-Apr-19,5,it helps me when i am stresses!,2019/5/1,HEALTH_AND_FITNESS,2661085,,it helps me when i am stresses,30,3,3,3,3
Credit Karma,Gerardo Serbantez,7-Mar-19,5,help me fix my credit for free,2019/3/8,FINANCE,343365,Everyone,help me fix my credit for free,30,3,1,1,1
,Rodolfo Olvera,24-Apr-19,5,a lot of music,2019/5/1,MUSIC_AND_AUDIO,1330895,,a lot of music,14,3,2,2,2
,A Google User,31-Jan-18,4,Overall generally good but recently cannot stream the app on my mibox or sonytv. Is there a problem with the Android TV app? Please fix asap as my son loves to watch curious George!,2019/5/1,EDUCATION,286266,,Overall generally good but recently cannot stream the app on my mibox or sonytv Is there a problem with the Android TV app Please fix asap as my son loves to watch curious George,178,1,1,1,1
Toca Kitchen 2,,9-Dec-18,5,I am in love with this,2019/3/13,FAMILY,1773343,Everyone,I am in love with this,22,4,4,4,4
Amazon Prime Video,Sneha Shraddha,25-Mar-19,4,nice collections specially prime originals,2019/4/1,ENTERTAINMENT,1488001,Teen,nice collections specially prime originals,42,4,4,4,4
,Mohammed Mubasheer,26-Apr-19,5,i love you,2019/5/1,ENTERTAINMENT,1693481,,i love you,10,4,4,4,4
PUBG MOBILE,Mayur Kamble,21-Apr-19,5,i like it,2019/4/21,GAME_ACTION,916036,Teen,i like it,9,4,4,4,4
Bitmoji _ Your Personal Emoji,,2-Mar-19,5,you impress me,2019/3/13,ENTERTAINMENT,1441841,,you impress me,14,3,4,4,4
Pandora - Streaming Music & Podcasts,A Google User,31-Mar-19,5,i love it,2019/4/14,MUSIC_AND_AUDIO,1258794,Teen,i love it,9,4,4,4,4
Remind: School Communication,Dustin Harris,4-Mar-19,1,works very poor with verizon,2019/3/8,EDUCATION,1920,Everyone,works very poor with verizon,28,4,1,1,1
PUBG MOBILE,Nathan Strong,13-Apr-19,1,takes up to much storage needs to much crashes every 5 to 10 minutes,2019/4/14,GAME_ACTION,895691,Teen,takes up to much storage needs to much crashes every 5 to 10 minutes,68,1,1,1,1
Netflix,Magicimagination VLOGSSS,31-Mar-19,5,hey julie heard u got that drip drip drip drip(continue the lyrics),2019/4/1,ENTERTAINMENT,1505803,Teen,hey julie heard u got that drip drip drip dripcontinue the lyrics,65,3,4,3,3
Credit Karma,Valerie McCoy,7-Apr-19,5,wonderful news to hear!,2019/4/7,FINANCE,476158,Everyone,wonderful news to hear,22,4,4,1,4
"iHeartRadio - Free Music, Radio & Podcasts",,24-Feb-19,4,thanking you for your great music,2019/3/9,MUSIC_AND_AUDIO,1057834,Teen,thanking you for your great music,33,4,4,4,4
Calorie Counter - MyFitnessPal,Gamer Plays with the second,24-Apr-19,5,"I am able to keep track of my calories and important nutritional info such as how much fat, sodium, sugar and protein.",2019/5/9,HEALTH_AND_FITNESS,2693714,Everyone,I am able to keep track of my calories and important nutritional info such as how much fat sodium sugar and protein,115,3,3,3,3
Duolingo: Learn Languages Free,min min,28-Mar-19,5,For times when I feel like a game while also being productive.,2019/4/1,EDUCATION,87391,Everyone,For times when I feel like a game while also being productive,61,3,4,4,4
Kick the Buddy,dolores barbour,8-May-19,2,"would give higher star, but it lags and doesn't respond at times, the forever buddy one, is worse, i had sound but black screen, almost couldn't get my tablet to come back around to working right. please fix this one, at least, it shuts down, stops working cause it says, that ""its not responding""",2019/5/9,GAME_ACTION,1001859,Teen,would give higher star but it lags and doesnt respond at times the forever buddy one is worse i had sound but black screen almost couldnt get my tablet to come back around to working right please fix this one at least it shuts down stops working cause it says that its not responding,283,1,1,1,1
Fantastic Face _ Face Analysis & Aging Prediction,,28-Feb-19,5,I love this app __,2019/3/13,LIFESTYLE,2082179,,I love this app ,16,4,4,4,4
Netflix,,12-Mar-19,5,It nice..has to be updated according to trends,2019/3/13,ENTERTAINMENT,1428322,Teen,It nicehas to be updated according to trends,44,2,2,3,2
YouTube Kids,,11-Mar-19,5,it's good for kids,2019/3/13,FAMILY,1751136,Everyone,its good for kids,17,4,4,4,4
,harshad nath,11-Apr-19,4,required more powers 4 bino. or else game was awesome,2019/5/1,FAMILY,1991038,,required more powers 4 bino or else game was awesome,52,4,2,2,2
Roku,John Wheeler,25-Apr-19,1,"I had this app a few days ago and had to reset my phone, I reinstalled it earlier today and it absolutely will not work, it keeps closing before it finishes launching",2019/5/9,ENTERTAINMENT,1709409,Teen,I had this app a few days ago and had to reset my phone I reinstalled it earlier today and it absolutely will not work it keeps closing before it finishes launching,164,1,1,1,1
PayPal Mobile Cash: Send and Request Money Fast,Tim Bilbrey,25-Feb-19,5,"one OF THE best & safest to share funds to family & friends B.day Gifts, Christmas, etc.",2019/3/8,FINANCE,340478,Everyone,one OF THE best  safest to share funds to family  friends Bday Gifts Christmas etc,82,4,4,4,4
Calorie Counter - MyFitnessPal,A Google User,17-Mar-19,1,Getting really tired of the app not opening.,2019/3/24,HEALTH_AND_FITNESS,2443875,Everyone,Getting really tired of the app not opening,43,1,1,1,1
Fitbit,Rowena Perez,26-Apr-19,2,I have to take the battery out everyday to sync it to my phone. (note 9),2019/5/9,HEALTH_AND_FITNESS,2678564,Everyone,I have to take the battery out everyday to sync it to my phone note 9,69,3,1,1,1
,humberto arechiga,12-Jul-17,5,It has Caillou and sister loves caillou,2019/5/1,EDUCATION,276050,,It has Caillou and sister loves caillou,39,3,4,4,4
Apple Music,Emily C,4-Apr-19,1,won't work at all following latest software update,2019/4/7,MUSIC_AND_AUDIO,1217954,Teen,wont work at all following latest software update,49,1,1,1,1
Tomb of the Mask,,1-Mar-19,3,no updates.for levels past 200,2019/3/8,GAME_ACTION,720971,Everyone,no updatesfor levels past 200,29,2,1,2,2
,Sabrina Spellman,16-Apr-19,1,I used to love this app. It would help me keep myself on track and responsible but lately it no longer works properly. I haven't been able to complete a diary for weeks now. It claims I haven't logged in any info in my weekly updates when I have done so daily. :/,2019/5/1,HEALTH_AND_FITNESS,2663293,,I used to love this app It would help me keep myself on track and responsible but lately it no longer works properly I havent been able to complete a diary for weeks now It claims I havent logged in any info in my weekly updates when I have done so daily ,255,1,1,1,1
Toca Kitchen 2,E. Abigail,7-Dec-18,5,It's really funny I love it,2019/3/13,FAMILY,1754566,Everyone,Its really funny I love it,26,4,4,4,4
Calorie Counter - MyFitnessPal,Paul Grona,27-Mar-19,5,Works excellent and really helps with the counting.,2019/4/1,HEALTH_AND_FITNESS,2448614,Everyone,Works excellent and really helps with the counting,50,4,4,3,4
The PCH App,A Google User,7-May-19,5,great experience with all the games,2019/5/9,LIFESTYLE,2341107,Everyone,great experience with all the games,35,4,4,4,4
Battle Royale: FPS Shooter,A Google User,5-Mar-19,1,this is a rip of of you know what kick your butt all the wae to pizza hut is you drare to compare we will rip your underwear,2019/4/1,GAME_ACTION,791757,Teen,this is a rip of of you know what kick your butt all the wae to pizza hut is you drare to compare we will rip your underwear,124,3,3,3,3
Tubi - Free Movies & TV Shows,Sharon Hamilton,3-Apr-19,2,tubi not responding,2019/4/7,ENTERTAINMENT,1568598,Teen,tubi not responding,19,1,1,1,1
"iHeartRadio - Free Music, Radio & Podcasts",Melvin Hockley,27-Mar-19,5,better than Pandora,2019/4/1,MUSIC_AND_AUDIO,1164009,Teen,better than Pandora,19,4,4,4,4
Bowmasters,Gabriel Foster,9-May-19,5,i love the game everything is amazing,2019/5/9,GAME_ACTION,1012498,Teen,i love the game everything is amazing,37,4,4,4,4
Venmo Mobile Wallet: Send & Receive Money,A Google User,15-Mar-19,5,"quick, easy and inexpensive. And the app works beautifully which is a breath of fresh air esp after one's that super suck like securus tech but is also appreciated, thanks venmo!",2019/4/1,FINANCE,434965,Everyone,quick easy and inexpensive And the app works beautifully which is a breath of fresh air esp after ones that super suck like securus tech but is also appreciated thanks venmo,173,4,3,4,4
Duolingo: Learn Languages Free,Shobith Ram,6-Mar-19,5,"Excellent app, user friendly, addictive and the best part is it's fun to learn in Duolingo __ PS: it's fast too!",2019/3/13,FAMILY,1770168,Everyone,Excellent app user friendly addictive and the best part is its fun to learn in Duolingo  PS its fast too,104,4,3,4,4
Family Locator - GPS Tracker,Jeff Shumate,24-Mar-19,5,Best investment. With kids wanting to go places this keeps me informed of the whereabouts of them at all times.,2019/3/24,LIFESTYLE,2105987,Everyone,Best investment With kids wanting to go places this keeps me informed of the whereabouts of them at all times,109,4,3,4,4
Snowball.io,,20-Mar-19,5,"Its THE BEST GAME EVER!!!There are no bugs, not very adds, its a Time killer its just a awesome game if I could rate this 10 star I totally would!I am speech less!Great job Creator!!!",2019/3/24,GAME_ACTION,764514,Everyone,Its THE BEST GAME EVERThere are no bugs not very adds its a Time killer its just a awesome game if I could rate this 10 star I totally wouldI am speech lessGreat job Creator,173,4,4,4,4
Tomb of the Mask,Siti Zuraidah,7-Apr-19,5,i love it,2019/4/7,GAME_ACTION,844507,Everyone,i love it,9,4,4,4,4
Pandora Music,Brody !!!,3-Mar-19,5,its pretty good,2019/3/9,MUSIC_AND_AUDIO,1068399,Teen,its pretty good,15,4,4,4,4
,Kristin Goddard,1-Dec-18,5,Thank you. Huntington is my bank. How does it work,2019/5/1,FINANCE,637021,,Thank you Huntington is my bank How does it work,48,3,4,3,3
Pandora - Streaming Music & Podcasts,Trent Salesky,5-Apr-19,5,i love it!!!!!!!!!!!!!!,2019/4/14,MUSIC_AND_AUDIO,1265621,Teen,i love it,9,4,4,4,4
,Karen Stein,14-Apr-19,5,it plays a lot of the songs I like and is so easy to use,2019/5/1,MUSIC_AND_AUDIO,1338925,,it plays a lot of the songs I like and is so easy to use,56,4,3,4,4
,Erin K,15-Apr-19,5,When I use this app I am better able to keep my food under control and lose weight,2019/5/1,HEALTH_AND_FITNESS,2633340,,When I use this app I am better able to keep my food under control and lose weight,82,3,3,3,3
Amazon Prime Video,Akash Pillai,20-Apr-19,5,"great app ,sound works properly it shows beautiful pictures",2019/4/21,ENTERTAINMENT,1639510,Teen,great app sound works properly it shows beautiful pictures,58,4,4,4,4
CVS/pharmacy,Wike Lopez,3-Dec-18,2,App always loses my data and have to reenter picking up prescriptions. Frustrating!,2019/3/16,HEALTH_AND_FITNESS,2380328,Everyone,App always loses my data and have to reenter picking up prescriptions Frustrating,81,1,1,4,1
,Lorrie Marshall,18-Apr-19,5,"I like that I can create my own personal music ie;King Crimson,Fleetwood Mac Reba McKentire, Chicago, Cat Steven's, and the music I love from home,ie; C&K,Kakapana,Olamana, Hapa, Peter Moon Band,BRO. IZ, , and my favorite song "" Sudden Rush ""-"" Night Marchers "" Aloha Nui Loa Lorrie",2019/5/1,MUSIC_AND_AUDIO,1355020,,I like that I can create my own personal music ieKing CrimsonFleetwood Mac Reba McKentire Chicago Cat Stevens and the music I love from homeie CKKakapanaOlamana Hapa Peter Moon BandBRO IZ  and my favorite song  Sudden Rush  Night Marchers  Aloha Nui Loa Lorrie,260,4,3,3,3
Google Classroom,,5-Mar-19,5,another way of interacting between students and teachers,2019/3/8,EDUCATION,7272,Everyone,another way of interacting between students and teachers,56,3,3,3,3
Love Poly - New puzzle game,,22-Mar-19,5,it is so fun and it is and always will be a mystery at the beginning I Me Myself is saying that this game is awsome and great,2019/3/24,FAMILY,1823540,Everyone,it is so fun and it is and always will be a mystery at the beginning I Me Myself is saying that this game is awsome and great,125,4,4,4,4
Helix Jump,A Google User,27-Mar-19,5,it is a really good game and ot is a mind game,2019/4/1,GAME_ACTION,795052,Everyone,it is a really good game and ot is a mind game,46,4,4,4,4
Tubi - Free Movies & TV Shows,Erich Detering,13-Apr-19,5,I watched allot of great movies on Tubi and enjoyed all of them. I would reccommend Tubi to everyone. It's a great alternative to NetFlix or Amazon prime. And It's FREE..,2019/4/14,ENTERTAINMENT,1611586,Teen,I watched allot of great movies on Tubi and enjoyed all of them I would reccommend Tubi to everyone Its a great alternative to NetFlix or Amazon prime And Its FREE,163,3,3,4,3
Bank of America Mobile Banking,Susan King,4-Apr-19,4,overall easy to use and access information,2019/4/7,FINANCE,469886,Everyone,overall easy to use and access information,42,4,4,3,4
Cash App,Voche68,3-Apr-19,4,Kinda like PayPal but less fees,2019/4/7,FINANCE,504017,Everyone,Kinda like PayPal but less fees,31,3,4,4,4
Google Play Games,,10-Mar-19,5,very easy to use,2019/3/13,ENTERTAINMENT,1405102,Teen,very easy to use,16,4,4,3,4
YouTube Music - Stream Songs & Music Videos,know the truth,30-Apr-19,1,turn off when you come out of app. what good is a music app if you cant browse.,2019/5/9,MUSIC_AND_AUDIO,1360073,Teen,turn off when you come out of app what good is a music app if you cant browse,77,1,2,1,1
ABCmouse.com,Destiney sheree,2-Jan-18,5,It is good for my 3 your ody babby,2019/3/8,EDUCATION,14532,Everyone,It is good for my 3 your ody babby,34,4,4,4,4
slither.io,Raihan A,19-Apr-19,5,"Please may we have a pause button in the game as when I need to blow my nose, I die. :( The game overall is amazing, very addictive too!",2019/4/21,GAME_ACTION,937708,Everyone,Please may we have a pause button in the game as when I need to blow my nose I die  The game overall is amazing very addictive too,130,2,2,2,2
YouTube Kids,A Google User,3-Mar-19,5,good and fun,2019/4/1,FAMILY,1831030,Everyone,good and fun,12,4,4,4,4
"Hulu: Stream TV, Movies & more",Mike Reade,29-Mar-19,4,it would be nice if the movies were a little more current,2019/4/1,ENTERTAINMENT,1528851,Teen,it would be nice if the movies were a little more current,57,2,2,2,2
Roblox,Adam Yousif,20-Apr-19,5,I love roblox so much that I keep playing it with my friend Sara and suad they love it as much as u do I give you five stars to the game my fav is adopt me and meep city and the plaza,2019/4/21,FAMILY,1976040,Everyone 10+,I love roblox so much that I keep playing it with my friend Sara and suad they love it as much as u do I give you five stars to the game my fav is adopt me and meep city and the plaza,183,4,4,4,4
,A Google User,28-Feb-19,1,its not fun you have to pay but ther isother appd youdont have to pay fir,2019/5/1,LIFESTYLE,2301131,,its not fun you have to pay but ther isother appd youdont have to pay fir,73,3,2,3,3
CVS/pharmacy,A Google User,19-Nov-18,1,App kept crashing when trying to print photo. No troubleshooting support.,2019/4/1,HEALTH_AND_FITNESS,2450890,Everyone,App kept crashing when trying to print photo No troubleshooting support,71,1,1,1,1
Family Locator - GPS Tracker,Ariyansi Hanjaya,9-May-19,5,It's quite precise. I need this app to keep tap on my teenagers. It's so useful. I definitely appreciate this app.,2019/5/9,LIFESTYLE,2337503,Everyone,Its quite precise I need this app to keep tap on my teenagers Its so useful I definitely appreciate this app,108,3,3,4,3
Tomb of the Mask,,19-Mar-19,1,"._. this is kind of pointless, but i have my reasons",2019/3/24,GAME_ACTION,752641,Everyone, this is kind of pointless but i have my reasons,48,4,4,3,4
,Aakash Parmar,1-May-19,1,why is this appsking for email verification every time i open it,2019/5/1,LIFESTYLE,2286016,,why is this appsking for email verification every time i open it,64,1,1,1,1
Drink Water Reminder: Water Tracker & Alarm,Mamokone Junior,11-Apr-19,3,pls work on the alert cs i dont get any alert to remind me to drink water,2019/4/14,HEALTH_AND_FITNESS,2561027,Everyone,pls work on the alert cs i dont get any alert to remind me to drink water,73,1,2,1,1
,Sami-Pekka Lehmuskoski,14-Apr-19,5,Perfect Spotify replacement as it's essentially a good spin-off and comes with YouTube Premium. Thanks for saving me 10 euros a month!,2019/5/1,MUSIC_AND_AUDIO,1335722,,Perfect Spotify replacement as its essentially a good spinoff and comes with YouTube Premium Thanks for saving me 10 euros a month,130,4,3,4,4
Bitmoji _ Your Personal Emoji,,15-Mar-19,5,really great app for talking to friends and family,2019/3/24,ENTERTAINMENT,1474098,,really great app for talking to friends and family,50,4,3,4,4
Duolingo: Learn Languages Free,Mirna Perez,3-Apr-19,5,this application is perfect for studying english...,2019/4/7,FAMILY,1886766,Everyone,this application is perfect for studying english,48,4,4,4,4
Bank of America Mobile Banking,Cameron Brevard,10-Apr-19,5,The app always gives me what I am looking for.,2019/4/14,FINANCE,531133,Everyone,The app always gives me what I am looking for,45,3,4,3,3
SmartThings,Derek Scott,16-Feb-19,1,it sucks with Sony bravia,2019/3/13,LIFESTYLE,2103825,Everyone,it sucks with Sony bravia,25,4,1,4,4
Google Home,Richelle Cullett,15-Mar-19,1,"wrote a review about how groups weren't working, and it's gone? Are you deleting people's reviews?",2019/3/24,LIFESTYLE,2131815,Everyone,wrote a review about how groups werent working and its gone Are you deleting peoples reviews,92,1,2,1,1
,Pawan Giroh,28-Apr-19,4,very nice app,2019/5/1,MUSIC_AND_AUDIO,1314761,,very nice app,13,4,4,4,4
Fantastic Face _ Daily face & Beauty Competition,Brandon McKean,4-May-19,1,you cant even see what you look like in the future without paying,2019/5/9,LIFESTYLE,2355656,,you cant even see what you look like in the future without paying,65,3,1,3,3
Drink Water Reminder: Water Tracker & Alarm,Monisha Abraham,2-Apr-19,5,its very good app,2019/4/7,HEALTH_AND_FITNESS,2522486,Everyone,its very good app,17,4,4,4,4
Drum Pad Machine - Make Beats,A Google User,25-Mar-19,1,way too mant ads unplayable i underestand that the game needs to make money but over using ads will result in you losing players to other apps and its just a lost on your part.,2019/4/1,MUSIC_AND_AUDIO,1159662,Everyone,way too mant ads unplayable i underestand that the game needs to make money but over using ads will result in you losing players to other apps and its just a lost on your part,175,3,2,3,3
Tubi - Free Movies & TV Shows,Roblox Gamer Girl,20-Apr-19,5,love it the only thing I don't like is the ads but everything else is awesome!,2019/4/21,ENTERTAINMENT,1645997,Teen,love it the only thing I dont like is the ads but everything else is awesome,76,4,2,2,2
Apple Music,Andria Watson,6-May-19,5,hi this is cutw,2019/5/9,MUSIC_AND_AUDIO,1388891,Teen,hi this is cutw,15,4,4,3,4
,Aaron Coria,1-Apr-19,1,need to improve more it sometimes works,2019/5/1,ENTERTAINMENT,1701350,,need to improve more it sometimes works,39,1,2,1,1
Pandora Music,Lisa Gibbs,4-Apr-19,2,keeps closing on me,2019/4/7,MUSIC_AND_AUDIO,1203789,Teen,keeps closing on me,19,1,4,1,1
Photomath,,20-Mar-19,5,It gives you the right answers Can't complain __,2019/3/24,EDUCATION,43629,Everyone,It gives you the right answers Cant complain ,45,3,4,3,3
Battle Royale: FPS Shooter,,8-Mar-19,1,how can you make this game !!!! It doesn't have good graphics even we can't take weapons in this game,2019/3/8,GAME_ACTION,707495,Teen,how can you make this game  It doesnt have good graphics even we cant take weapons in this game,95,3,1,3,3
Amazon Music,Brad Kruger,22-Mar-19,5,Easy and very enjoyable to use!!!,2019/3/24,MUSIC_AND_AUDIO,1116220,Teen,Easy and very enjoyable to use,30,4,4,3,4
,A Google User,12-Feb-19,5,i love it but u guys need to make more unlocked episodes,2019/5/1,FAMILY,2015283,,i love it but u guys need to make more unlocked episodes,56,2,2,2,2